,4027,6016,1339,2668,8131,3480,4344,6789,7020,7723,6450,789,6995,3680,5290,3259,2214,4404,4863,6240,1996,2281,1016,6497,8037,4346,2273,7740,4809,3169,1391,2881,7729,3851,2666,1513,5878,6581,8026,4329,1629,560,7904,920,4921,3078,2730,2174,5517,7254
0,https:laurelbox.com,https:www.theradblackkids.com,https:woodchipandmagnolia.co.uk,https:foundfavors.com,https:cerascreen.com,https:woodencovers.in,https:timothydecluecollection.com,https:trendsandgems.com,https:masteryfitness.com,https:amourdebrocante.com,https:tfs-yu.ca,https:socutejewls.com,https:liteyourworld.com,https:dropemwear.com,https:histyle.com.my,https:joesjoecoffee.com,https:saferbaby-store.com,https:3gracesbeauty.com,https:littlelamplights.com,https:oddmofo.com,https:cocobombay.com,https:clotheandarrow.com,https:pen.tips,https:peepingt.com,https:dreamwithus.cz,https:thelastconspiracy.com,https:msou.com,https:lovescenario.com.my,https:dreamlights.us,https:sfidasports.com,https:capselevated.com,https:bube-dame.com,https:getitgirlbeauty.com,https:fitzroynursery.com.au,https:outventurez.com,https:mancaveinc.com,https:partysigns.net,https:mesonotglutenfree.cl,https:framethestars.com,https:gronlykke.com,https:stargentnetworks.com,https:arccosgolf.com,https:rogueflash.com,https:fusionskateshop.com,https:vietvinh.com.vn,https:thehempcoop.org,https:salixintimates.com,https:persiancatcrew.com,https:groomnoir.com,https:floralivings.com.au
1,https:bistro-valentino.ch,https:frasertea.com,https:ohklife.com,https:yuehwa.com,https:isadorenutco.com,https:getsprints.com,https:lemoly.fr,https:cuteasianthings.com,https:thestoremillvalley.com,https:copperbottomswim.com,https:hype-blend.com,https:nutrifyprep.com,https:blankabrand.com,https:martatrens.com,https:linetashop.com,https:greatamericangift.com,https:mcds.ie,https:nonous.com,https:lolas.shop,https:goleaveatrail.com,https:friedgreentomatoes.co,https:bleach.ae,https:pfstore.com.au,https:e-consupply.ca,https:invernola.com,https:mavella.com.au,https:knowfoods.com,https:lionthelabel.com,https:bachatraja.com,https:dentis.no,https:alicemccall.asia,https:thecarpetbagger.com,https:thekineticgadget.com,https:villk.com,https:hammocklifeoutdoors.com,https:latelierglobal.com,https:riderich.com,https:onekiko.com,https:vvvvvvvvip.com,https:detroitcargo.com,https:ivono.eu,https:simpharmacy.com,https:idealcoupless.com,https:maisondulustre.com,https:lescollection.com,https:miramallph.com,https:industrial-equipment-expert.com,https:westernperfumes.ca,https:noonsplus.com,https:prosportsgoals.com
2,https:hyundaimotorsport-shop.com,https:hausoffurey.com,https:zamarutstore.com,https:therosesbear.com,https:ajchicboutique.com,https:esolutionint.com,https:3brosclothes.com,https:drinkramona.com,https:hammerfitnesstraining.com,https:ardororganics.com.au,https:tnrclinic.com,https:lenypad.de,https:bajie.net,https:tutallerdesign.com,https:dloftmobilier.ca,https:curatedcradle.com,https:givori.com,https:nakedoptics.net,https:houseofallure.co.nz,https:intothesauce.com.au,https:diiah.com,https:wunderwild.de,https:familygiftmall.com,https:moonfindgifts.com,https:vibeshades.co,https:mickeylynn.com,https:cityhomepdx.com,https:antichigranai.com,https:vitalifenatural.com,https:shoppingthefit.com,https:tiltscooters.com,https:395flaire.com,https:pupsnbeds.com,https:ameico.com,https:iwader.com.au,https:thisisneonwave.com,https:easyhouses.com.br,https:51pyramids.in,https:1-secret.com,https:potatorunners.com,https:ivyoak.com,https:platyne.com,https:campgrill.com.au,https:vegaskincosmetic.com,https:ancientcandleco.com,https:anvishop.com,https:hawkinsandbrimble.eu,https:shopstraya.com.au,https:lumiglowshop.com,https:thedogslanding.com
3,https:cavalorequicare.com,https:lunaluxhair.com,https:irunmus.com,https:mariabrink.com,https:the-nu-company.co.uk,https:shopshadesofgrey.com,https:thefabricstoreonline.com,https:fyshare.com,https:hampdenclothing.com,https:motobean.com.au,https:danyalparaiba.com,https:rakkiss.com,https:bubbysbonbons.com,https:infinitenoon.com,https:diy3d.in,https:havaiisport.com,https:bubzbaby.com,https:spekwash.com,https:fitfurpaws.com,https:productoshonesta.com,https:oneworldfairtrade.net,https:seaviewglobal.com,https:reefactory.com.au,https:newfuturetees.com,https:evemaison.com,https:frontiercoffeecompany.com,https:insten.com,https:dk17.com.au,https:kajetravel.com,https:womenplot.com,https:iscooter.bike,https:tabletopdicemaps.com,https:pikaclub.com,https:mymarshmallows.com,https:jeanshop.co,https:latinusbeauty.com,https:jaydillon.com.au,https:barbarasfloral.com,https:freedmansonline.com,https:thesmarthomesupply.com,https:figgjofabrikkutsalg.no,https:blicerobooks.com,https:riverworksrodco.com,https:floridavibez.com,https:glitterandcrafts4u.com,https:lowkey.industries,https:simple.furniture,https:milkboy.com,https:amehandmadesg.com,https:pawsfamily.com
4,https:drkathynickerson.com,https:mittelalter-hemden.de,https:clemsbeauty.com,https:secrethealth-us.com,https:braingain.fit,https:radboards.in,https:nutritionpharmacist.com,https:vsnatched.com,https:okosix.com,https:coco-fun.com,https:rareaircigs.ca,https:raleighbiscuitcompany.com,https:big.store.ro,https:artisansmith.com.au,https:ecofreshbouquet.com,https:peoplesbeauty.com,https:spriteliving.com,https:geartopdesign.com,https:printo.com.au,https:tropicalisopods.com,https:tempra.casa,https:wasagun.com,https:wearloretta.com,https:tweentoteen.com.au,https:farmahabit.com,https:raindrops901.com,https:miguelcaballero.com.mx,https:alphatheorysupplements.com,https:goodytwos.com,https:modernica.net,https:orencooriginals.net,https:wlexperts.com,https:thefactorymetalworks.com,https:cartersharer.com,https:stickley.com,https:benjaminalexander.co,https:natnutra.com,https:shop-bareskinelements.com.sg,https:smithswatches.com,https:dutyfree-online.ro,https:sunbather.co.nz,https:pactechmayoreo.com.mx,https:theglobalstores.com,https:thrillsoftheemporium.co.uk,https:artzee.sk,https:sifrishop.com,https:mestylebottles.com,https:phytolibrary.com,https:cannasafesolutions.com,https:trailerracks.com
5,https:petsmarket.org,https:hydroflask.mx,https:meetharmony.com,https:clockedin.io,https:sunandrootsshop.com,https:swedishfall.de,https:temquetem.com.br,https:janeaustenbooks.net,https:amokequipment.no,https:rastafarimarket.fr,https:harlowandkate.com,https:heythereitslilah.com,https:sosmula.us,https:cianofarmer.com,https:aust.la,https:moimoisauce.com,https:boldebottle.com,https:popsparkle.co,https:flatbonnie.com,https:ritualcasting.com,https:sharkified.com,https:novelkeys.xyz,https:libertyinlove.co.uk,https:hendiya.ma,https:chocolatenotebooks.com,https:jfold.com,https:tirupurfactorysale.com,https:dallygoods.com,https:tinytwig.com.au,https:puertoricosfinest.com,https:hionlumenslighting.com,https:digitalcurrencyexchange.us,https:suisselab.com,https:juvenileshop.com,https:faoschwartz.com,https:latopdivas.com,https:wholestore.com.au,https:troxystudio.com,https:iqhorse.de,https:cannawelt.de,https:ambiance-more.com,https:minoxbeard.com,https:rodacenter.cl,https:gohockey.co.nz,https:doschicasboutique.com,https:whr.institute,https:campinera.ch,https:pr-trade.at,https:roomservicehfx.com,https:bazardelgato.com
6,https:anecklaceforme.com,https:frasiersterling.com,https:abbykirkmanquilts.com,https:la-touraine.com,https:myposshop.com,https:bizenya.co.jp,https:planetefoot.ca,https:tatucouture.com,https:thenatty.co,https:karentiedestudio.com,https:slodownwines.com,https:primericastore.com,https:myhealthextension.com,https:ultravisionledsolutions.com,https:hemphousechatt.com,https:epicshirts.com,https:leaftoember.com,https:lovedanialexa.com,https:wornandrefined.com,https:freshhy.co.in,https:hivorystore.com,https:jusjus.be,https:rivieraparts.com,https:jewelsxmonita.com,https:keepamericausa.com,https:myfixoo.store,https:deepcart.us,https:cosmicmoment.com.sg,https:mallfish.com,https:urbll.com,https:1missionnutrition.com,https:zadehny.com,https:raquelrosalie.com,https:fivestarsrs.net,https:lawrencehuntfashion.com,https:grooup.com,https:teensummercamps.com,https:kheerganga.in,https:suncoastwheels.com,https:louddiesels.com,https:thepawcloset.com,https:roomdecoraesthetic.com,https:thewildlifecommunity.co.uk,https:gojushots.com,https:bibisama.com,https:kittydeluxe.com.au,https:thearchipelago.net,https:hartleywatches.com,https:byindeko.com,https:pickitfence.ca
7,https:dricoper.com.au,https:vandtanke.dk,https:stackedfurniture.com,https:evobodiz.com,https:shophop.pk,https:getha.co.il,https:ronefitness.com,https:economyofbrighton.co.uk,https:officialsquishmallows.com,https:cspcart.com,https:wellvita.co.za,https:shopweetartan.com,https:nerdsimstore.com,https:redpandaclothing.com,https:forevertees.com,https:goldmonarchy.com,https:botaniesoap.com,https:iceniwarriors.com,https:11-11.us,https:shopneridahansen.com,https:spryspruce.com,https:creekretreat.com,https:rkthreads.com,https:mc2childrensboutique.com,https:uniqolight.com,https:amanotonguecleanser.com,https:millspharmacy.com,https:masterofwar.com.mx,https:miqcenter.com,https:leboxblanc.com,https:wondercrunch.co,https:sweatlovesoul.com,https:boxdup.co,https:pullupcards.com,https:motherlandfurniture.com,https:launchcablepark.com,https:r-rracewear.com,https:mexicaneater.com,https:eatnagi.com,https:overtoneacoustics.com,https:marinebatteryco.com,https:distortionunplugged.com,https:whimsicalraps.com,https:greenwithenvy.co.nz,https:onlineautobody.com,https:mozdog.co.uk,https:cloudy-apparel.com,https:bhaktify.com,https:usemiragge.com.br,https:reinsforrescues.com
8,https:hooproll.com,https:uberpong.com,https:addibags.ca,https:ubiimarket.com,https:geniodescontos.com,https:irismassager.com,https:snuntival.com,https:itemcomingsoon.com,https:gatherlabs.com,https:dealjax.com,https:poppacorn.ca,https:thehempwellnesscentre.co.uk,https:bestworthstore.com,https:bushtukahpreorder.com,https:beautyrichs.com,https:tudungpeoplesg.com,https:malaracha.com,https:saharastuzzicadenti.com,https:dressingvintage.com,https:englishcufflinks.com,https:bestcarpetonline.com,https:rubixhouse.com,https:rzn.com.au,https:sabrenyc.com,https:utilitytech.com.br,https:yallafood.eu,https:tryseedwell.com,https:naturalhealthtribe.com,https:brityard.com,https:pacificdualies.com,https:soytumoda.com,https:flourishplant.com,https:almostallexports.com,https:baumashop24.de,https:gourmetimportshop.com,https:mattjudethecookiedude.com,https:clearviewtea.ca,https:conservatoryarchives.co.uk,https:sunsetcase.com,https:amazingourmetcoffee.com,https:eternitree.com,https:skylifehome.com,https:ewamboutique.com,https:bohanalife.com,https:hapiart.com,https:myislandblends.com,https:julesetnolan.com,https:sneakerdowntown.com,https:espritdelhimalaya.com,https:talmo.eu
9,https:theturnturtle.com,https:bestcasediy.ca,https:arcticmonsoon.com,https:lisettel.ca,https:originalcanvas.co.nz,https:xterraskate.com,https:empirewellness.com,https:teasmade.com,https:toekickswitch.com,https:nutorious.nl,https:swimkass.com,https:rampleyandco.com,https:chalochalo.mx,https:homegarage.ca,https:unionmadegoods.com,https:fawnandfoxperth.com,https:bigbumpercompany.com,https:furycry.com,https:ilsalottozh.ch,https:flokkflokk.com,https:anitawu.pl,https:decoexpress.ma,https:srcure.com,https:radekus.com,https:nordicskaters.com,https:backzy.nl,https:schmidtchristmasmarket.com,https:moderncotton.com,https:aguaclara-swimwear.com,https:wildivy.co,https:logicxx.com,https:tomatprat.no,https:americasfencestore.com,https:pivotstar.com,https:re-vogue.com,https:puffino.mx,https:buttitude.com,https:ninetyninecase.com,https:gma-honestlymargo.com,https:swwholesale.co.uk,https:myfinejewellery.at,https:procolecao.com,https:peyango.com,https:grillblazer.com,https:otamotfoods.com,https:childrensglasses.com,https:essentiallyyou.store,https:earthlypet.com,https:originalgrain.uk,https:design-thread.com
10,https:kiaayocoffee.com,https:sogifts.eu,https:social-goods.com,https:joshoshea.com,https:bravelittleones.com,https:inspiremasks.com,https:tshirtunicorn.com,https:slabstitcher.com,https:caffelombardiroasters.com.au,https:nisargaherbs.com,https:puppify.nl,https:wowoodshop.com,https:ruapuke.com,https:snipiti.com,https:brownbirdboutique.com,https:trymedusa.com,https:shapeheart.com,https:volsia.com,https:herbal-powers.com,https:addictiverc.com,https:chxrgetech.com,https:arteria3d.com,https:shiblanksaustralia.com,https:10store.com,https:gundog-hunting.com,https:5-elements.co.in,https:clevelandfurniture.com,https:hayasg.com,https:ceybon.com,https:kronistrunks.co,https:shopeershub.com,https:herocup.com,https:tednteddy.in,https:animee-cosplay.com,https:teksave.co.uk,https:lauraposada.com,https:shipandsip.ca,https:webparfums.nl,https:firesara.com,https:hhoutfitter.com,https:myfutcard.de,https:vawatches.com,https:allgaeuer-wanderimkerei.com,https:handmade-nz.com,https:alohamask.com,https:oldfieldclothing.com,https:windbrechtinger.com,https:shopivycastle.com,https:loneboi.com,https:thehappypooch.us
11,https:fdhomes.ca,https:militaryenergygum.com,https:tekoforlife.co.uk,https:nightowllacquer.com,https:auxito.com,https:ecommpremium.com,https:sportsmemos.no,https:dnanudge.com,https:infinitote.com,https:esbyapparel.com,https:classycards.ca,https:ranchohumildestore.com,https:kratzbaum-naturholz.de,https:teamcsc.in,https:whynotyougear.com,https:breathefum.com,https:phoneloops.com,https:salusdefense.com,https:glowcity.com,https:mrtakoyaki.ca,https:sounddevices.com.au,https:atomcompressionwear.com,https:primegiftideas.com,https:sportiez.com,https:kjvips.shop,https:desiderio.pk,https:playtudo.com,https:mutcoinbank.com,https:llacie.com,https:everymanshop.com,https:parbuster.com,https:whenitwasagame.org,https:berrypiper.com,https:wizardskating.com,https:suaveskin.co,https:lavenderhilldesigns.com,https:truenorthsole.com,https:tas-tee.com,https:cloudwine.com.au,https:styli-style.com,https:valentinerouge.com,https:lydialeith.com,https:buckinwilddesigns.com,https:heiata.shop,https:quantummachinery.com,https:getsunset.com,https:victorypremium.com,https:ijuels.com,https:earthbottles.com.au,https:amelialanepaper.com.au
12,https:stiholster.com,https:culleyco.com,https:prelesty.com,https:rosokicollection.com,https:clearheaddrinks.co.nz,https:fossil-test-demo.com,https:dollger.com,https:rested.com,https:gcustomcables.com,https:alabasterboxboutique.com,https:bodysolid-europe.com,https:liveinnermost.com,https:splurgecustoms.com,https:framatech.com,https:fcancer.com.au,https:eureka-official.com,https:ionicbottle.com,https:seatailshop.com,https:stm56.com,https:yolohayoga.com,https:funtisan.com,https:slumbercloud.com,https:sletrading.com.au,https:edyk.dk,https:shoponlycars.com,https:unitedpacifics.com,https:crateandbarrel.com.ph,https:yccij.com,https:kapb.ca,https:stylegiving.com,https:vasayostore.com,https:sinfulcinema.com,https:aussino.com.sg,https:mightybright.com,https:altanecessidade.com.br,https:bisongunlock.com,https:idosup.com,https:pacificbling.com,https:pcmart.net.au,https:kamakiuga.com,https:ultrahuman.store,https:olympus-labs.com,https:caliny.com,https:helicopterme.co.nz,https:shinepaw.com,https:emcsports.com,https:theurbancottage.com,https:fightforfitness.com.au,https:josephrobertjewelers.com,https:theboathousehome.com.au
13,https:seasonsofficial.com,https:foreverstylesco.com,https:messybunsandmomjeans.com,https:windsoredwards.com,https:ksubi.jp,https:glowystones.com,https:joyfantastic.co.uk,https:freeri.de,https:anotoys.com,https:regia.mx,https:www.safetyfirstproducts.com,https:vadikherbs.com,https:freedomandfuel.com,https:hum2n.com,https:onestopretailshop.com,https:jewelrytoyourdoorstep.com,https:xtrategynutrition.com,https:thrivingsportswear.com,https:primeboudoir.com,https:katabaticgear.com,https:onpointfabsupply.com,https:impactenterprises.com,https:flossandrock.co.uk,https:crackinc.coffee,https:quadsquadcreations.com,https:wildgrain.com,https:dragonturtlegamesstore.com,https:livandlola.com,https:youngpowersports.com,https:beyondinn.com,https:fingerlakessteak.com,https:entk.ca,https:kraus.com.ar,https:trendyoutdoordealsstore.com,https:southbird.com,https:lavida-furniture.com,https:shopfreystyle.com,https:fuckshitshop.com,https:sapodillanaturals.com,https:fiercefruit.com,https:gemiaofficial.com,https:layabella.com,https:carvaniskin.com,https:rettandco.com,https:trendsaile.com,https:fzstores.com,https:myworld.co.uk,https:expeditionessentials.com,https:powersex.com.co,https:newindiafashion.com
14,https:oxfordpet.co.za,https:beautyspaexpo.com,https:ausbossperformance.com,https:neversummer.com,https:kukie.com.br,https:sl4uonline.com,https:dazeneon.com,https:bluefery.com,https:greenermarket.com,https:smartlivinghg.com,https:beiens.com,https:ranchriderspirits.com,https:dhultimate.com,https:lion-royaume.com,https:swimlikeamermaid.com,https:maison-eros.com,https:hupophilippines.com,https:davidalanjewelry.com,https:seriousserum.com,https:successnutrients.com,https:lombardoatelier.com,https:artbyelaine.co,https:talkingmatsaustralia.com.au,https:doeandhope.com,https:nohatsnohoods.com,https:zarashop.com.br,https:iscatechnologies.com,https:spacefoam.com,https:teabyufs.ca,https:owlreadersclub.sg,https:mooandtwig.com,https:jonathancateeyewear.com,https:redleafbear.com,https:xpertappliances.pk,https:gearlympics.com,https:adr-products.com,https:bheattachments.com,https:gastromask.ch,https:keamorecosmetics.com,https:crazzybag.com,https:nebula-trend.com,https:rumex.us,https:stcroixarchitecture.com,https:jungmaven.com,https:hardtofindtv.com,https:grablatest.com,https:ebonyandivoryribbons.co.za,https:heartspacecards.com,https:dannibelle.com,https:oddpieces.com
15,https:videly.nl,https:finearthouse.com.au,https:neonfans.com,https:shopclejj.com,https:sterlingwireandcable.com,https:atthevenue.co,https:unwindcraftcafe.com.au,https:gothampouredrubber.com,https:feed-organic.com,https:crazyshopiy.com,https:thebeautifulhairboutique.com,https:hotpinkhaberdashery.co.uk,https:combatbreastcancer.com,https:troyesivanstore.com,https:dallasdiamondsdfw.com,https:howrom.com,https:mizziethekangaroo.co.uk,https:www.axladvanced.com,https:asianpear.store,https:artesdelmundo.com,https:readysetsparked.com,https:loveisinnewyork.com,https:tamborinesprings.com.au,https:weedcellars.com,https:stylemakerfabrics.com,https:royalzi.com,https:magnifaik.com,https:noctic.com,https:goowho.com,https:digna-classic.com,https:cskwraps.uk,https:wallingtun.com,https:gherigherardi.com,https:katrinafoley.com,https:powerfitplus.com,https:lavishedbynature.com,https:reingarage.com,https:medusasdice.com,https:coquinaria.cl,https:deportesdajoaa.com,https:teleshadeusa.com,https:monocure3d.com,https:blumoneyclothing.com,https:tropicgyalnaturals.com,https:vidabod.com,https:shipshapelux.com,https:bioblo.com,https:aushpc.com.au,https:carplaysmartbox.com,https:sunshinetienda.com
16,https:soniamace.com,https:sosilversogold.com.au,https:petpawz.com.au,https:deepsouthatelier.com,https:vdltwine.com,https:jahanara.com.pk,https:theshophaven.com,https:canadapuffin.com,https:homelybrand.com,https:nxnbeauty.com,https:orlandocigarstogo.com,https:randm-shop.com,https:loveittrailit.nl,https:soxandmore.com,https:bommstore.com,https:shopkurstone.com,https:mytinytraveler.com,https:montessoriexplore.com,https:tayhamwholesale.com,https:musemob.com,https:halloweenbuz.com,https:lalabazaar.com,https:theotstore.com.au,https:kensfactoryusa.com,https:ozzaz.com,https:atlashandcrafted.com,https:hotprices24.com,https:thekidology.com,https:vaadiherbals.in,https:bluyogi.com,https:showstoppersbeauty.com,https:steinberger-superfoods.de,https:beadazzle.ca,https:mueblecasa.com,https:kocheinfacher.de,https:power-lix.com,https:wallsofbenin.com,https:balzacs.com,https:alphaomegahobby.com,https:fabbox.in,https:floativate.com,https:magic-dino.com,https:littlewomangoods.com,https:purfectstitch.com,https:www.harnessbuddybest.com,https:rocamood.com,https:midwestponds.com,https:fitnessfanatic.com.au,https:culemwatches.com,https:ahyhh.com
17,https:mckeeversports.ie,https:drumsthatknock.com,https:displaque.com,https:ebanuz.com,https:bman.ro,https:glowforitshop.com,https:livefrey.com,https:enigmadeals.com,https:clippingpathindia.com,https:menagerieflower.com,https:venomrex.com,https:getupngetfit.com,https:baristaswag.com,https:stancecaddy.com,https:stylefes.com,https:clockwork88.co,https:sweetpeapantry.co.uk,https:sniperbodyboards.com,https:naturium.com.au,https:eko-skrnicl.si,https:neverdent.com,https:chooseyouranimal.at,https:theposyco.com.au,https:longevityloungespa.com,https:guvina.com,https:zinkwheels.com,https:flaska.pt,https:organisemy.com.au,https:fleekthelabel.com,https:dottiesfeelgoodzone.com,https:nrgit.biz,https:beemat.co.uk,https:unyform.eu,https:eagleprotect.com,https:single.xyz,https:carmeljenkin.com,https:biggerfasterstronger.com,https:vol1kuwait.com,https:bardentyres.com,https:shopreduce.com,https:mymontessorijoy.com,https:petnet.dk,https:masktome.com,https:huntersandcollectors.net.nz,https:theclothshop.online,https:fromme2uapparel.com,https:marasana.se,https:houseofkhalsa.com,https:ahoykollektiv.com,https:favella.it
18,https:sicksocks.co.za,https:stylefortune.com,https:medichest.com,https:spacezat.cl,https:netterose.co.za,https:casafutbol.com,https:williamglen.com,https:keenes.biz,https:palmercandy.com,https:les-griottes.com,https:nausetsurfshop.com,https:bennu.mx,https:tanglesandbeyond.com,https:lowoya.de,https:enaim.store,https:avrilspaces.com,https:relievenrestore.com,https:nutracoresupplements.com,https:ksc.nz,https:swipestreet.co,https:antisocialsocialclub.jp,https:essentialdealz.com,https:fishingpaddle.com,https:tonedesign.ca,https:timelessnova.com,https:dbabestdeals.com,https:lit-game.com,https:majisafiproducts.com,https:slushcuppie.com,https:ucmetees.com,https:designelementusa.com,https:treehuggerclothpads.com,https:futuremaps.com,https:analili.com,https:instepsboutique.store,https:sianzeng.com,https:jackjacksmetal.com,https:assai.co.uk,https:thedecorhouse.co.nz,https:homedecorationworld.co.uk,https:thecampingkit.com,https:gabrielagil.com,https:jilaineswim.com,https:acareskin.com,https:prxkhxr.com,https:butterflybeads.ca,https:bampartyandevents.com.au,https:ripecooperative.com,https:ilyumi.com,https:chesterbernard.com
19,https:potamitis.us,https:buyinhyd.pk,https:lesflux.com,https:itschefcrepe.com,https:tribeskincare.com.au,https:purosentido.co,https:thighsociety.com,https:wessi.com,https:pureplanetclub.com,https:spookyslides.co,https:velaxe.com,https:bebeke.ro,https:olivian.co,https:boodsie.com.au,https:owintimates.com,https:boobsolutions.com.au,https:religiousroastcoffee.com,https:insulationuk.co.uk,https:rptech.qa,https:rosesttradingco.com.au,https:funbabyshop.nl,https:mint-martinborough.nz,https:touchofeleganceshop.com,https:thenativeone.com,https:alfani.com.mx,https:hi5wellness.com,https:zjoutfitters.com,https:maria-gulina.com,https:igf-montreal.ca,https:alamaisondeprovence.com,https:unbndblanks.com,https:letterquote.com,https:bodhisattvadesigns.com,https:qualityretails.com,https:skyorganics.us,https:mcclurespickles.com,https:dajuni.de,https:garfieldcoment.com,https:beyondhairsupply.com,https:crafteez.com,https:collagecph.dk,https:thebestwinestore.com,https:nerd.city,https:erthhemp.com,https:glimmed.it,https:aliciaswim.com,https:magnepels.com,https:time-after-time.jp,https:lojapanuu.com,https:flirtadultstore.com.au
20,https:modit.store,https:everythingsummercamp.com,https:kiddolab.com,https:floraandforest.com,https:cemarose.ca,https:cloecassandro.com,https:bobbilous.com,https:odinmfg.com,https:mercadodevinos.mx,https:haveablasttoys.com,https:dreamerssupplyco.com,https:azaleajewelry.com,https:relaxacor.de,https:nicesaffron.com,https:palette.supply,https:beaskincare.com,https:preenandco.com,https:onlyoneboard.com,https:nzhealthnaturally.com,https:soultreecity.com,https:foreverinmyheartjewelry.com,https:gazel.it,https:skinlove.co.za,https:thegeneralisthk.com,https:kotaico.com,https:dolcefoglia.com,https:harryjoshprotools.com,https:scalperscompany.mx,https:steppingout.co.uk,https:adykadoll.com,https:norahstreasures.com.au,https:bodybyblamo.com,https:jewellerybyzm.co.uk,https:gailcast.com,https:missandmaster.co.nz,https:lawsonfenning.com,https:sescha.de,https:musicalspoons.ca,https:glamlifemd.com,https:ritchewatchbands.com,https:finewinesofwindber.com,https:eazycurl.com,https:fittingsco.co.uk,https:fingerboardstore.de,https:baguleyguitars.shop,https:shesplussizeboutique.com,https:nekdesign.com.br,https:summerpawz.com,https:fawneboutique.com,https:dtchealth.com
21,https:bassdynasty.net,https:cityballoonsdallas.com,https:quadroshop.de,https:takeflight-gear.com,https:baldesigns.eu,https:afca.nl,https:oasisix.com,https:thedoorclozer.com,https:horsetoothd.com,https:thematgroup.com.au,https:wellexx.com,https:blakesseedbased.com,https:newyorkrobbery.com,https:myloveangel.com,https:pocketfidget.com,https:belmontarmy-wp.com,https:littlepetstores.com,https:haygain.com,https:allquestionsboy.com,https:drdavidjack.com,https:colombianhappy.com,https:certcampus.com,https:transwan.com.cn,https:treesbypost.com,https:everlymarketplace.com,https:aera.co,https:asandri.com,https:ikedas.com,https:jebwa.com,https:avecdrinks.com,https:trovelle.com,https:dewelschutz.de,https:lyntyn.com,https:opolar.com,https:viewyourdeal-pinkhousestyle.com,https:ecoyummi.com,https:parisbeautypro.com,https:dokusho-bookstore.com,https:hykoont.com,https:designerbathware.com.au,https:embella.com.au,https:ahinsashoes.cz,https:universalparamountsupplies.com,https:gourmettreats.com,https:serenitycare.fr,https:dickandtits.com,https:harperandharlow.com.ph,https:kiini.com,https:bittybundlesofjoy.com,https:fingears.com
22,https:k-natics.com,https:jturner.com,https:luverparis.com,https:cashromestor.com,https:riderssaddlery.co.za,https:goodmoodfood.mx,https:vjtrading.co.nz,https:natulip.com,https:piccoliprincipiswim.com,https:lvorelief.com,https:ratsmedical.com,https:carverskateboards.co.uk,https:brighteq.se,https:betterbeans.coffee,https:gazzaladrajewelry.com,https:thiccythicc.com,https:adesivimurali.com,https:askeducationcentre.com,https:streetside.co.nz,https:pilatesconnector.com,https:byndartisan.sg,https:sfeercandles.com,https:greatcallathletics.com,https:houndjeans.eu,https:lojadacorrida.com.br,https:bolonminer.com,https:lodgegoods.com,https:jodiel.it,https:flofloetcharlotte.com,https:vilainplaisir.com,https:littlebitgypsy.com,https:ginrondop.com,https:soluxury.ca,https:alisonlester.com,https:fox-gadgets.com,https:myfoodsmith.com,https:orianarodriguez.com,https:bravideals.com,https:tabsbermuda.com,https:kimberlyreyesinteriors.com,https:killaglass.com,https:puro-chile.cl,https:zbikinicompany.com,https:embarkskateshop.com,https:monstaplates.co.uk,https:gearaholic.com.sg,https:physicianformulas.com,https:www.mothprevention.com,https:mycaze.com,https:chathamnaturalskincare.com
23,https:siddhiherbals.com,https:leisterindia.com,https:privateeye.com.au,https:introverticle.jp,https:preyingman.com,https:freewill.co,https:genteclabs.co.za,https:shopgossamer.com,https:nrosen.com,https:diycartel.com,https:heartandsolmaui.com,https:neonrose.co.uk,https:westpointwomen.org,https:megbydesign.com,https:hutchinsoncaraudio.com,https:epicmedals.com,https:hitchmount-rack.com,https:thirdeyepinecones.com,https:akireh.com,https:highcalibreminiatures.com,https:da-gadgetshop.com,https:primedodesconto.com,https:artifixrecoveryaccessories.com,https:fuzzywumpets.com,https:theskincouture.com,https:onivo-cosmetics.shop,https:heritagecustoms.nl,https:berrybeachyswimwear.com,https:cobblelanecured.com,https:mudpuddlepottery.com,https:nerdshak.com,https:bigdspeedshop.com,https:thelma-rose.com,https:shopfrancom.com,https:mckierae.com,https:naturalinstinct.com.au,https:moodringcolor.com,https:flyvibe.com.au,https:marshmellodematt.com,https:threeleafproducts.com,https:jellyjim.com,https:furrrstories.com,https:classyhana.com,https:malkan.co.il,https:petpantrywinchester.co.uk,https:krestavia.in,https:sangsterjewels.com,https:citimallph.com,https:hawaiianfightgear.com,https:kitristudio.us
24,https:origin-ceylon-tea.com,https:theskishopplus.com,https:bc.limited,https:plaskateboarding.com,https:louisbesson.com,https:getadun.com,https:paperandparties.com,https:byott-shop.com,https:smoov.co.nz,https:montanaliving.com,https:fertilitysupplementstore.com,https:jp-clothing.com,https:jerseygirl.com.au,https:baxandberg.co.nz,https:greenplanetpetproducts.com,https:makeawishonline.it,https:bukvy.se,https:steamcream.com,https:crispresults.com,https:41winks.com,https:shimmerandspunk.com,https:turningpoint.co.za,https:merchantofwine.com,https:ei8hth.com,https:gumptioncoffee.com,https:getcarmats.co.uk,https:gadgify.shop,https:collectong.com,https:getairsoap.com,https:handystuff.com.au,https:hanayen.com,https:yousweetsweethome.com,https:modern-living-lights.de,https:goldperf.com,https:stripesboutique.com,https:alphabidet.com,https:hammilldiebolt.com,https:evacaravan.com,https:lyfe.center,https:trendswaylife.com,https:aljannatsweets.com,https:spotlessmaterials.com,https:plantsworld.ae,https:juniorsroastedcoffee.com,https:bicyclebooth.com,https:drinksbythedram.com,https:mountaincoffee.ca,https:ninetribe.no,https:dearcollective.com,https:custommq.ca
25,https:seogreetings.com,https:dbrandcanada.com,https:extremerangeoutfitters.com,https:gettinggassed.com,https:kitchendow.com,https:varistore.com.mx,https:dollarcute.com,https:allsurvivalhq.com,https:kirstenjadeswim.com,https:southlandarchery.com,https:texaspowerbars.com,https:rappygraphics.com,https:atomi.shop,https:project6ny.com,https:gma-alexandani.com,https:macfeedesign.com,https:hutwoods.com.au,https:bcrepuk.com,https:carpasus.com,https:jaipuriadaah.com,https:thelilacdesk.com,https:rockclubbaby.com.br,https:waddisprings.com.au,https:spcorporation.co.uk,https:cmpstudio.com.au,https:mooyahyah.com,https:oliviapaisley.com,https:customteemaker.com,https:juhashop.com,https:superofertasbr.com.br,https:healthy-herbals.co,https:jooji.co.uk,https:gardajoint.it,https:rascal.coffee,https:jjellie.com,https:myciesource.com,https:zottel.store,https:divenchi.de,https:rockfestconcerts.com,https:koseling.com,https:omertools.com.au,https:recordroom.ch,https:mamesburritos.com,https:katesylvester.co.nz,https:theselfcareplace.com,https:ozersnutrition.com,https:aussielent.com.au,https:indiport.com,https:popscorn.com,https:thenubamboo.com
26,https:uinshoes.co.za,https:supremexwarriors.com,https:mayamamweavers.com,https:absolutetoner.com,https:myhomecart.in,https:orikemuth.de,https:redsupps.co.uk,https:farrahjewels.com.au,https:pfoten24.de,https:lushlandscapesusa.com,https:fluidfloatcabins.com,https:silverleafpartners.com,https:henncowaterjet.com,https:shortysinc.com,https:makemanyrobots.com,https:suitmela.pk,https:kolicollective.com,https:praeparatekiste.de,https:tenzotea.co,https:sghomefragrances.com.au,https:kapvoe.com,https:modernsewingco.com,https:kubibeauty.us,https:mimipop.ca,https:ravenscroft.business,https:lediffuzen.fr,https:spiritualreadings.co.nz,https:bridesmaidhangers.com,https:brewdemon.com,https:keepattacking.co.uk,https:pikninja.com,https:squishmarshmallows.com,https:dashikimall.com,https:ecodiva.co.za,https:departmentofbrewology.com,https:doccotton.com,https:kulasarees.com,https:rykovich.com,https:caitinbeag.com,https:shopwizardresearch.com,https:hlndeals.com,https:peregrinesupply.com,https:crescendomadison.com,https:kodamatcg.com,https:medusaatelier.com,https:costumecompany.com.au,https:superfastpod.com,https:moocowmarket.com,https:below-retail-deals.com,https:homegeographic.com
27,https:shopheavenlythreadsboutique.com,https:ballerineballerinas.com.au,https:lambreindia.com,https:piliplus.co,https:byslik.com,https:bedzy.co.uk,https:drainawaydraintray.com,https:hikonaheka.com,https:trendthirst.com,https:mymeia.com,https:braintreegames.com,https:nodeform.com,https:ivoangel.com,https:yoprettyboy.com,https:elegance-caennaise.fr,https:paperandcamera.com,https:comfortisus.com,https:fruitify.co,https:inspiringlives.store,https:diabolikill.com,https:lullabysboutique.ca,https:casehello.com,https:yourreformer.com.au,https:salaciasalts.com,https:zym.com,https:vitalmarket.co,https:vermontfarmstead.com,https:anjolienyc.com,https:sailwoods.com,https:seedsnow.com,https:ilovecatturd.com,https:petenkello.fi,https:laguapasimona.cl,https:leafyannart.com,https:zippixtoothpicks.com,https:hightidecoffee.com,https:taylorpneumatic.com,https:fabtique.clothing,https:hbeni.com,https:ringbindershop.com,https:joba-fashion.nl,https:musicredone.com,https:mauchchunkcoffee.com,https:inditribecollective.com.au,https:bainisteoirboardgame.ie,https:thepastaqueen.cooking,https:karmonibeauty.com,https:migolondrina.com,https:aobiologix.com,https:travisscottmerch.com
28,https:clikin.com.br,https:psychoecho.com,https:mofunparts.com,https:justforyougiftbox.com,https:leaf-supply.com,https:shoplauracantu.com,https:emilytoms.fr,https:trendeeng.com,https:mobilegaragehk.com,https:oneprive.com,https:electrik-bikes.com,https:rarefliks.com,https:pantique.eu,https:shinywaywigs.com.au,https:hiloramart.com,https:lilipadbham.com,https:kbeautyblossom.com,https:whly.com.au,https:goodwood.nz,https:celestialsilk.com,https:mca-kingstone.com,https:judah.com.au,https:youvegotmeinstitches.com.au,https:homenature.com,https:casesalamode.com,https:charlottelea.com,https:authenticbeautycosmetics.com,https:magicleafstore.com,https:www.tuttiquanti.ma,https:p3vi.com,https:envelopekings.co.uk,https:compostinghome.com.au,https:myprosoft.ie,https:luhair.com,https:vatudi.com,https:slothers.com,https:clickhuntercorp.com,https:shopcosmiccookware.com,https:messmenot.com.au,https:leica-store.ph,https:thecoupleschain.com,https:homedefence-24.com,https:lovekoki.com,https:knightinspired.co.nz,https:hicclife.my,https:sportstakeoff.com,https:vexframe.com,https:petitfilippe.com,https:nbpretouchtools.com,https:verner.co
29,https:n-scenic.co.uk,https:zelpac.co.zw,https:getguardian.com,https:lemonslimesboutique.com,https:mackandmal.com,https:138foods.com,https:yumi-store.com,https:stclaires.com,https:mybrands.store,https:tastily.co.uk,https:tartcollections.com,https:rareshapewear.com,https:styletriggers.com,https:houghtonhorns.com,https:cruzmnl.com,https:sweetfamilygift.com,https:xelaaroma.com,https:mediumscollective.com,https:stellarbeauty.com,https:petscurations.com,https:lifetimestore.es,https:goshahanan.com,https:zilkee.com.au,https:taizjo.com,https:polkadotprintshop.com,https:gosunstove.com,https:bella-fit.shop,https:309wilddaisiesboutique.com,https:diamondcutecharms.com,https:give.cl,https:basicallyfoods.com,https:runyourstate.com,https:gma-voloom.com,https:melwinherbologo.com,https:sated.com,https:manialookstore.com,https:tequilaandbones.com,https:buddhachocolate.com,https:disneyfineart.com,https:luckyweaving.com,https:strandedhairgroup.com,https:bavsound.com,https:stresschip.com,https:lavenderbackyard.co.nz,https:rhinestonebeltstore.com,https:lawnproducts.ca,https:wildsmithskin.com,https:neonsignslights.com,https:fuzzydogtugtoys.com.au,https:velomallorca.net
30,https:blackboxcase.com,https:lappthebrand.com,https:cematic.com,https:mistermancave.com,https:goelectric.co.za,https:yeahneon.com.au,https:merinokidsusa.com,https:solmask.com,https:abstracio.com,https:smartwatchbrasil.net,https:plainandsimple.com,https:raretequilas.com,https:meaningful-jewelry.com,https:projectlithium.com,https:lannaclothesdesign.com,https:manoticknaturalmarket.com,https:shopknotties.com,https:www.shoptheit.com,https:icecreamcake.co.uk,https:damiva.com,https:sqrtncompany.com,https:ourrajewelry.com,https:laststand.com,https:flexligaments.com,https:nudebynature.co.uk,https:mybeautifuldetails.com,https:cryptonixcompany.com,https:viewyourdeal-skinnyshirt.com,https:clothiyapa.in,https:rbstarelectrical.co.uk,https:mindfulnecessities.com,https:trigere.com,https:emilydawstextiles.com,https:bigforkbrands.com,https:sebisdaughters.com,https:herbachat.ca,https:pomegranate.com,https:www.cincinswim.com,https:lairdapparel.com,https:vinsent.wine,https:mdautomotivesolutions.com,https:campesina.com.py,https:costaiia.com,https:lifepharmacystlukes.co.nz,https:gleskin.com,https:kennystockard.com,https:vividbelleza.com,https:helnee.com,https:ravenrecording.com,https:mashshwear.com
31,https:optsup.com,https:defender4x4parts.co.uk,https:officialprimo.com,https:campusmogul.com,https:konceptdesign.fr,https:berlindressco.de,https:ggames.cl,https:zestcart.co.za,https:rousedbeautyco.com,https:flexreachwallet.com,https:tshirtmamas.com,https:puppypad.co,https:mypillow.co.uk,https:dogtownsupply.com,https:superiorimage.pro,https:rainealexandraart.com,https:e-station.com.au,https:bioconfetti.com.au,https:jejebella.com,https:omnifrozenfood.com.sg,https:popcornplanet.co.uk,https:comprainteligentechile.com,https:tethertug.com,https:cosmeticsdubai.com,https:tribucpe.com,https:bukalemialma.com,https:garamondcorpvs.com,https:nu-vel.com,https:keytolifesupply.com,https:boyoftheyear.co,https:whataboutthis.com,https:shoparitmetik.com,https:happydaze.co,https:piprobins.com,https:trendipop.de,https:howiesathletictape.com,https:kharibarbiebeauty.com,https:lavishingluxsimports.com,https:baby-dom.de,https:hairmajesty.co.za,https:ozweightloss.com.au,https:herbalexpert.ma,https:upscalevapes.com,https:mangacenter.fr,https:theflaunt.com,https:torieandhoward.com,https:donnadowney.com,https:mountainhoneys.com,https:yummiesmarketplace.com,https:soudasouda.com
32,https:wheelsfly.com,https:evenipacific.com,https:constructionsupplymagazine.com,https:dadscookinggear.com,https:thelookbookvariety.com,https:greenstarmiller.com,https:strndy.com,https:eclipsedice.com,https:rachelkeppelerdesigns.com,https:akoyacompany.com,https:decorateur-oriental.fr,https:rauantiques.com,https:fablifestore.com,https:swancityorlando.com,https:kaizen4lif3.com,https:course-in-miracles.com,https:isabellkristensen.com,https:structurecoffeeroasters.com,https:bambbina.com,https:ycljewels.com,https:clutchnails.co,https:www.hypeconcept.com.br,https:tillysfloralwreaths.co.uk,https:boxbargifts.com,https:haloandswan.com,https:haloclothingboutique.com,https:loveyoursgives.com,https:browsglamour.com,https:refreshments.com,https:shopviiva.com,https:blingproud.com,https:ceosociete.com,https:shoptherapi.com,https:hassanet.com,https:countrynmoregifts.com,https:staticjewellery.com,https:techmyninja.com,https:coastalembers.com,https:keys69.com,https:rockabella.co.za,https:sandysdancewear.com,https:thepersonastore.com,https:soulgoodproject.com,https:just3blueboutique.com,https:diversityfashion.com.au,https:wellgroomedwizard.com,https:manaai.com,https:dmhhc.com,https:lovemydog.co.uk,https:bribieislandflorist.com.au
33,https:clickhomeexpress.com.au,https:852aplus.com,https:boutique309.com,https:glogirlbeaute.com,https:franjoskitchen.com,https:browndogcreamery.com,https:runjanji.com,https:funnynerdtees.com,https:getkloudy.nl,https:wise-bites.com,https:cosmicthreads.co,https:raumgoods.com,https:houseoflaguna.com,https:selley.de,https:wardrobesociety.com.au,https:editorconsign.com,https:metroworkwear.com.au,https:bluelinecnc.com,https:performancezonesports.com,https:sisterberry.com,https:primitivechoice.com,https:plushbymaevon.com,https:ststore.org,https:virilyt.com,https:kenkousa.com,https:symetriaconcept.com,https:mkcthreads.com,https:tribalson.com,https:optimumfoodsstore.com,https:cosmicbazaar.co.za,https:babywonderland.com,https:uniquniformes.com,https:kaleidocosmetics.com,https:evamedadmissions.com,https:theamericanberry.com,https:bornoriginals.com,https:stonewaters.com,https:moebelland.dk,https:skgardensingapore.com,https:mongolife.com,https:avlu-store.com,https:instockwindows.com.au,https:parejavegana.com,https:facetofaceappearances.org,https:brilliantk9.com,https:maison-de-bebe.com,https:grayboe.com,https:houseofzalo.com,https:kelkobrand.com,https:803gear.com
34,https:mobilityscooteronline.com,https:cosmeticworkshop.eu,https:cartonandco.com.au,https:fxonlinestore.com,https:cosmoglide.com,https:myreliefrings.com,https:takeforgiven.com,https:zodiacjakarta.com,https:codebluejewelry.com,https:fancort.com,https:casinosupply.com,https:sunsaltnsand.com,https:survivalkitsusa.com,https:yonicookiejar.com,https:ancientexplorers.com,https:ricmas.shop,https:sheislunar.com.au,https:modeer.co.uk,https:gma-picnictime.com,https:whd.de,https:smartbottoms.com,https:enacfire.com,https:duoboots.com,https:thevintagelotusstudio.com,https:kromebody.com,https:acerejahomedecor.com.br,https:maysama.com,https:cateringsuppliesonline.com.au,https:elementapothec.com,https:www.bharatraders.com,https:arabictouch.com,https:harriet-roses.com,https:wwjwholesale.com,https:prettypokets.com,https:balloonmail.com.au,https:kbeautyworld.com,https:nerdherdgettysburg.com,https:inhalco.com,https:zeuswallet.shop,https:migoheadwear.com,https:predatorperformanceproducts.com,https:jovs.com,https:paisaboys.com,https:mismatchedshoes.co.nz,https:streamwood.net,https:tangletree.co.uk,https:fluidairedynamics.com,https:anathameiri.com,https:affordbuy.com,https:dulcescolibri.com
35,https:tinyshots.com,https:everydayoil.com,https:felicitysbridal.co.nz,https:wilcostore.com,https:michelleadoorablecreations.com,https:reneebouchon.com,https:sonatural.pt,https:sidneigum.com,https:tamtambag.com,https:linemanprobs.com,https:rokublack.mx,https:raven.com,https:eget.co,https:heart-horse.com,https:thriftshopthreads.com.au,https:joiyi.com,https:bikiniluxe.com,https:letoyvan.co.nz,https:seikoboutique.co.za,https:calmture.de,https:fashionloungeusa.com,https:balletgiftshop.com,https:ruddock-shirts.com,https:tripplemhomegoods.com,https:casapagoda.com,https:restorativeinjectables.com,https:terradominicata.com,https:dropzu.online,https:zayridh.com,https:zzowa.com,https:partyinapinch.com,https:saratogateaandhoney.com,https:shopspaviolet.com,https:blushbeautysupply.com,https:regalosbonitos.shop,https:sunvalleyneedlearts.com,https:essenze.me,https:mountnic.com,https:proandhop.com,https:urbanmover.com,https:instofun.com,https:globalfashionsgc.com,https:spinadiscmetaldetectors.com,https:promotionrc.com,https:hellolookshop.com,https:arminstore.com,https:votrebebe.com,https:migoomm.com,https:mulberrymarketdesigns.com,https:atiaro.com
36,https:mentalmonkey.co.uk,https:pawonly.com,https:isabellacoutureshop.com,https:samvita.in,https:zumoff.com,https:dxracer.sg,https:meetlora.co,https:mycolivia.com,https:ewinasmokeshop.com,https:marshasmarketplace.ca,https:monyour.de,https:purecraftcbd.com,https:kitchengear.ca,https:chocolatlovers.co.uk,https:evermix.fm,https:leadproinc.com,https:barefortheskin.co.uk,https:slightlystationery.com,https:grannyannies.co.nz,https:vignoblesponty.com,https:plymouthjp.com,https:houseandhold.com,https:tonthestreet.com,https:trexinks.com,https:frostwaretool.com,https:renpho.uk,https:happilab.store,https:fabric-pop.com,https:efacilshop.com,https:cramprelieef.com,https:trainhumidifier.com,https:urbanmachina.com,https:vinylloop.com,https:thirdeyetree.com,https:fluffy-pluesch.de,https:kastiss.com,https:vecpani.com,https:onebellacasa.com,https:itskelli.com,https:onesixfivejewelry.com,https:joalabskincare.com,https:throtl.com,https:dreamingdealz.com,https:missmaudesewing.co.nz,https:johnnyflyclothing.com,https:beloandme.co.uk,https:30dollargunbelt.com,https:dogmomelite.com,https:fabrichvalley.com,https:shoptorreypines.com
37,https:sincelife.com.br,https:kustomgifts.com,https:zessler.com,https:elitecustomgolfcartsstore.com,https:topsecrettoys.us,https:shopmvsport.com,https:umension.com,https:blowmywick.co.nz,https:stellartechnical.com,https:inndroid.com,https:sweetiecathy.com,https:heartofthemidwestshop.com,https:wizze.com.br,https:coneyislandpicnic.com,https:finestdecor.ca,https:improvibility.com,https:instabuddha.com,https:kisybraids.com,https:newverest.co.uk,https:badassfitness.co,https:walkingpad.ca,https:nulondon.uk,https:hunterbrotherscoffee.com,https:versakini.com,https:loveinnate.com,https:eyewannalens.com,https:liquidarmour-usa.com,https:somnifix.com,https:idealerwunsch.com,https:hackedsnacks.com,https:vitaaion.com,https:giftplusstore.com.au,https:deadlybrand.com,https:redgefit.com,https:strumpetonline.com,https:handeyesupply.com,https:mynethelabel.com,https:thevinylstand.com,https:mxlabeauty.com,https:maisdeofertas.com,https:wearemoneybosses.com,https:backyardbrewpa.com,https:elizabethbenotti.com,https:mudstuck.co.nz,https:paramountbutchershop.com,https:hapa.co.nz,https:coffeemio.com.au,https:orchidandtemple.com,https:dye.farm,https:baozza.com
38,https:stateofethos.com,https:brethrenshoes.com,https:springwind.com,https:komoland.com,https:slumberslumber.com,https:lamillerboutique.com,https:andaseat.co.uk,https:ningbags.com,https:shehnaibridalboutique.com,https:ahonthelabel.com,https:jenshansen.co.nz,https:rawsci.com,https:harlowharry.com.au,https:belleandbeyond.com.au,https:urbangrindatlanta.com,https:businessknowhow.net,https:shop-24-online.com,https:legendhoodies.com,https:desmoheart.com,https:abbynkas.com,https:smartvisionsales.com,https:bands4bros.com,https:wildlyuntamedboutique.com,https:niviano.com,https:vdg.ca,https:sluizibiza.com,https:exabeauty.com,https:hannahmartinny.com,https:mrslm.com,https:rollingthundergamecalls.com,https:rac.cl,https:specialeditionbooks.co.uk,https:cobracrane.com,https:eshtery.com,https:claralifestyle.com,https:bioray.com,https:leagueoflegendsemporium.com,https:westlouis.com,https:libertyshirtco.com,https:spicysoul.at,https:jozamsterdam.com,https:seedgolf.com,https:healingsolutions.com,https:netmaster.co.nz,https:chillfrogcbd.com,https:mybuqu.com,https:laflou.com,https:edenoh.com,https:selfmadetanning.com,https:arod.fr
39,https:snackaddictedhi.com,https:buonatrend.com,https:knowtheorigin.com,https:jhilmilaa.com,https:mini-merch.com,https:gortem.com,https:tdathome.com.au,https:creworksequipment.com,https:holaskin.com,https:singaporehydroponics.com,https:musotica.com,https:teabirdtea.com,https:vintagraph.com,https:gracefullymadeart.com,https:ninelife.uk,https:flipperaquariumproducts.com,https:schroederguitarhardware.com,https:telavivian.shop,https:spurbe.com,https:afterinked.com,https:ebtc-media.org,https:onepointsurvey.com,https:bubbabearshop.com,https:shopbeeswax.com,https:kilnapparel.com,https:forcesuniformandkit.co.uk,https:yvonnesvegankitchen.com,https:onefastcat.com,https:lawholesaledist.com,https:kortniportia.com,https:tableandthyme.co,https:avahnewyork.com,https:puffsuisse.ch,https:lojavalentina.com,https:polaroppositebedding.com,https:silvertoneguitars.com,https:drinksandcompany.com,https:acrabros.com,https:fidaro.nl,https:bootandballprints.com,https:elaluz.com,https:corefoods.com,https:creationmusiccompany.com,https:manuel-dreesmann.com,https:farbystore.com,https:lisacantalupo.com,https:betterdrinkingculture.org,https:skintime.com.au,https:alohakitchen.com,https:alphabrush.com
40,https:shantellebisson.com,https:laceandebony.com,https:thebladerunner.com.au,https:ledonlinecanada.ca,https:thebusinessbox.ca,https:madstar.com,https:vamoaviajar.com,https:flythefarm.com.au,https:lairdlondon.co.uk,https:iskka.com,https:harveyandcoco.com,https:rayguncustom.com,https:threewolvesprovisions.com,https:mexicanpetshop.com,https:whitehouseonline.in,https:lasbezanilla.cl,https:lizaverystore.com,https:4moms.ca,https:graphene-x.com,https:miwire.de,https:lorssy.com,https:obalos.store,https:zombiedisastergear.com,https:castadivacorsets.com,https:shuttcustom.com,https:proscreenclean.com,https:sabaorganics.com,https:lehengahouse.in,https:trueface.co.uk,https:loveyourmamaoc.com,https:koalaeye.com,https:fivedollarshake.com,https:serendipitouswool.com,https:natureunboxed.com,https:rugshook.com,https:drewbrophyart.com,https:rootshandloom.com,https:restosplaisirstraiteur.com,https:sweetsbylo.com,https:livalarsen.com,https:bwhplantco.com,https:schoolcraftshop.com,https:jcvdshop.com,https:diamondpaintingspecialist.nl,https:cookwoods.com,https:babytula-australia.com,https:trystiles.com,https:dpfcanada.com,https:kindicepaw.com,https:lifeworkdecor.com
41,https:elaundela.com,https:bravestballoons.com,https:femalechoice.pk,https:itzyshop.com,https:amadeale.com,https:bigheadstores.com,https:dontbeadoormat.co.nz,https:bocknutritionals.com,https:tugow.mx,https:thoughtsinthreads.com,https:covetedmarket.com,https:ponybeadstore.com,https:bomibox.com,https:kroft.co,https:driftcoffee.kitchen,https:glustitch.com,https:fason.in,https:utlastore.com,https:codysfloraldesign.com,https:boxuhd.com,https:hifi-records.com,https:lacys.de,https:northwoodsgrills.com,https:mipielcanela.com,https:favoritebabies.com,https:kingprops.com,https:davisdesigns.com,https:carredartistesphilly.com,https:cliftonseed.com,https:three34boutique.com,https:esljewellery.ie,https:sicknastysports.com,https:bravabras.com,https:vendimia.co.nz,https:gear-tech.co.uk,https:bclivespotprawns.com,https:wholefoodsbox.co.uk,https:thehowse.com,https:jamelatherapy.com,https:bringthelove.co,https:foodsolutions.dk,https:eelhoe.us,https:beecroftandbull.com,https:temegcosmetics.com,https:fountainoftruthbeauty.com,https:impact-studios.com,https:theanimoodles.com,https:nevolt.com,https:shibuyameltdown.com,https:nupplegal.com
42,https:cloud9vapes.com.au,https:hydrapearlsanitizer.com,https:constellationame.com,https:puregolfcompany.com,https:butfirstea.com,https:dunstablecakehouse.co.uk,https:hersheyshoney.com,https:wallisandjazz.com,https:beneshaven.com,https:ritusethi.com,https:handbagjunky.com,https:pursuitofthrills.com,https:goldytlv.com,https:mysolostore.com,https:naturecan.nz,https:eighteenhockey.com,https:extensionology.com,https:firehawkcustoms.com,https:lunaboutique.ca,https:allcitylove.com,https:mysmartcocoon.com,https:krafftbeef.com,https:freyarose.com,https:madisonshoerepair.com,https:chaserbrand.com,https:shopinobi.com,https:cremedelacrop.com,https:posturekeeper.com,https:babybrezza.com.au,https:vsett.com.au,https:honeyandspice.in,https:shineshop.es,https:muddybites.com,https:shopparrotfish.com,https:tripow3r.com,https:magriamerch.com,https:niococktails.co.uk,https:zipply.shop,https:zaida.co.nz,https:addedtime.shop,https:beautyme.se,https:dailydoseme.com,https:auryaup.com,https:erniesullinsclothing.com,https:facetsclothing.com,https:sttelli.com,https:bymajime.com,https:throttlemaxx.com,https:moskout.com,https:hoiohdesign.com
43,https:smithsshoes.com,https:yds.com.ng,https:aviatorfarms.shop,https:easy-clothes.us,https:maskking.com,https:easyupladder.com,https:klorise.net,https:splitnutrition.com,https:olfabrand.com,https:angeleyesshop.com,https:bridechillastore.com,https:juicybynature.com,https:justtrainmerch.com,https:sowhat.global,https:ludicus.ro,https:hunthikecamp.co.nz,https:bmpromakeup.com,https:augustatwenty.com,https:tukawpleung.com,https:easiway.com,https:theholistichearth.com,https:teamcosportswear.com,https:motivatedperiod.com,https:cowboygrill.no,https:riverbabethreads.com,https:staylitathletics.com,https:kidsstuffcanada.com,https:eletoys.co.za,https:blu-ash.com,https:luxlifeproduct.com,https:boostoxygenaustralia.com.au,https:beautycertain.com,https:souqalawani.com,https:rahyajewelrydesign.com,https:arrowsmartwatch.com,https:transcendapparel.com,https:weareanimecollectors.com,https:oscalito.it,https:mazzaboutique.com,https:littlelightherbals.com,https:wtf-sports.com,https:vermontsoapsingapore.com,https:beautifulbodyshop.biz,https:justthrivehealth.com,https:thebeardedman.co.za,https:lairdstandup.com,https:euromotards.com,https:hoopwire.com,https:humblezing.com,https:sarahsewandsew.com
44,https:gpsgloves.com,https:seoenterprises.com,https:aolisheng.us,https:shoezilly.com,https:vermarts.com,https:lalunasleepwear.com,https:thermahands.com,https:fourthrows.com,https:chenson.com.mx,https:americanedgesharpening.com,https:trybeactive.sg,https:protostax.com,https:botanocarrinho.com.br,https:officialpwa.co.uk,https:lealbrasil.com,https:naturekitchen.co.uk,https:dreamgadget.pt,https:playautoma.com,https:threespades.com.au,https:infamouskayce.com,https:diyarcade.com.au,https:biotwoyou.com,https:rockablock.com,https:rurallove.co.za,https:mds-tuning.com,https:spiceology.co,https:scparkstore.com,https:postcardbliss.com,https:tejanobbqburrito.com,https:juliesinden.com,https:looseheadz.co.uk,https:everydayisamothersday.com,https:ninaellejewels.com,https:gearfromlastnight.com,https:insubordinate.co.uk,https:toolboss.com.au,https:arcworx.shop,https:elcaminodelosaltos.fr,https:democrart.com.br,https:adoncreation.com,https:pandilo.it,https:tmichaelwoodworking.com,https:momark.shop,https:oceansnorth.co.nz,https:tkarn.com,https:spdhkd.com,https:electroslab.com,https:theclubdeals.com,https:heseven.com,https:verrarie.com
45,https:eascamattress.ie,https:brooklynindustries.com,https:jelsert.com,https:littlesnapbacks.com.au,https:eazywallz.eu,https:cassettecomeback.com,https:mymeatguy.com.au,https:anacavalheiro.com,https:astronz.nz,https:shoplovingdesire.com,https:thedenandnow.co.uk,https:lumeseyewear.com,https:vintagesnaps.com.au,https:almaclothing.shop,https:getbuns.de,https:landbybucke.com,https:shopneighborwoods.com,https:yumi-organics.ca,https:smaco-store.com,https:magicmalen.de,https:thehalf.com.au,https:tenizo-display.com,https:thebeautyofeczema.net,https:uyleesboutique.fashion,https:ymhbeaute.com,https:theverygoodgoo.com.au,https:www.lindamenina.com.br,https:sharpattire.com,https:myfavoritestyles.com,https:infinitedope.com,https:beardcaregang.com,https:bikesandlife.com,https:awahena.fr,https:gotprettysheep.com,https:clementinegeneve.com,https:ultimatenotepads.com,https:pellegricollection.com,https:lostsasquatch.com,https:especiasaries.mx,https:huilarome.com,https:getfoldeat.com,https:trendhills.com,https:dazzlebydestiny.com,https:octopusisreal.com.au,https:rebelinceptionsstore.tech,https:hoodrubber.com,https:theteacherscrate.com,https:allcleannatural.com,https:ccparts.com,https:mowglisurf.com
46,https:norani.com,https:themosquitostore.com,https:alkool.fr,https:yestianabakes.com,https:avxry.com,https:snow-monkey.com,https:babydot.fi,https:btcupperever.one,https:9love.fr,https:shopgreenoasis.com,https:glamazonbeautycosmetics.com,https:ashevillefungi.com,https:shoplegappeal.com,https:shopluckyinlove.com,https:under.me,https:monogoen.jp,https:skybluestationerymart.com,https:elacetics.com,https:xn8sports.co.uk,https:diadorasoccer.com,https:wagmibrand.com,https:jacksonskate.com,https:tidalhairsticks.com,https:ayu.ie,https:tamivo.se,https:truff.com.au,https:precommande-dbk.fr,https:angeloreniera.com,https:eastndecor.com,https:mensclo.com,https:juldsey.com,https:thecultureboxx.com,https:hoshimislimes.com,https:medika24.shop,https:tuindian.com,https:libreriapocho.com.uy,https:drumspots.com,https:mwirelessatl.com,https:lyfeillustration.com,https:coton-colors.com,https:jupoppin.com,https:wishsister.com.au,https:univarcolour.com,https:tweeksweets.com,https:baysidebuddy.com,https:drkerklaan.com,https:americantabletennis.com,https:neuronmocap.com,https:babyg.app,https:lucentement.com
47,https:supremashopp.com,https:minizooswitzerland.ch,https:myweedshirt.com,https:riyadhdress.com,https:organicreservecbd.com,https:bakerygateau.ca,https:blackeditionkw.com,https:onthebeachboutique.com,https:klokker.no,https:houseofstrut.com,https:2uma.com,https:rcawd.com,https:zeeblabs.com,https:weareipse.com,https:superxfi.com,https:hellopuddin.com,https:mode-deals.com,https:horfawear.com,https:matel.hr,https:darylspetshop.com,https:heatrite.co.nz,https:lieaer.com,https:whimlove.com,https:mimisboutiquesales.com,https:moma.it,https:shesroyalbeautycollection.com,https:tapeandcase.com,https:anga.fr,https:theracup2.com,https:optica.africa,https:fswshoes.com.au,https:royalbodykits.com,https:texarchery.com,https:peekabooz.shop,https:lovacado.com,https:limalimonstore.com,https:tonedeafcomics.com,https:shopstrongnewyork.com,https:moyeceramics.com,https:petsloveaccessories.com,https:blizzardpro.com,https:cosmos-ink.com,https:fullgraincreations.com,https:oldmate.co.nz,https:solesstolemysoul.com,https:byonyxsolutions.com,https:hakubabrewery.com,https:groomedrooster.com,https:thebluebox.shop,https:latestbuy.com.au
48,https:baunbaekoglyn.dk,https:dailydiscountshopper.com,https:cloud-capetown.co.za,https:xtreemrc.com,https:wsports.com.au,https:ezrapaul.com,https:margin.social,https:napoleongames.com,https:nanoxiausa.com,https:humblemerch.com,https:toscanothai.store,https:michaelgallup13.com,https:ronco.com,https:weisslicht.com,https:plantdaddy.com.au,https:refreshcollective.org,https:dabaddestmerch.com,https:bleuhome.com.au,https:shallawista.com,https:restaurantsupplyworld.com,https:shopdaviddobrik.com,https:selfieskin.com.au,https:foruraid.com,https:littlepinkfox.com.au,https:shopgo.com.br,https:glassparency.com,https:grisgris.ca,https:boleroadtextiles.com,https:life110.co.uk,https:arrendoegypt.com,https:recycle.green,https:fantasista-goal.com,https:karpr.com,https:kimono-japonais.com,https:funkydunkystore.com,https:differentperspectivestore.com,https:pokemon-official.com,https:nintymedia.net,https:yardartrus.com,https:fancypets.org,https:thegoodstatement.com,https:alexandtrahanas.com,https:rosy-rainbow.com,https:solexny.com,https:scatradersint.com,https:visualskingdom.com,https:supercoolnow.com,https:ralphspacking.com,https:shopgoodtobe.com,https:smartsellershop.com
49,https:shlamaapparel.com,https:actofbeing.com,https:surfthegreats.org,https:hoorsenbuhs.com,https:lamaisondeshousse.fr,https:morningtideshop.com,https:justasipshop.com,https:balmynonchaloir.com,https:myphoera.com,https:virginhairfixx.com,https:shopmodpaws.com,https:myaroamas.com,https:anvilislit.com,https:safafoods.ca,https:thesaltyfox.com,https:rheakulcsar.com,https:makeupholicscosmetics.com,https:brazilheels.ca,https:gratergoods.co.nz,https:shinefashionline.com,https:smithandblake.com,https:minifigurebricks.com,https:kristinastets.com,https:theurbanangelboutique.com,https:therathroat.com,https:studio-bypurple.com,https:yestickers.com,https:liesas.com,https:chicagobrickoven.com,https:susanszatmary.com,https:jewelcandle.fr,https:rebelideal.com,https:peacher-hk.com,https:staceynaito.com,https:walnutcreekbathboutique.com,https:trusmileveneers.com,https:carrycommission.com,https:clothinglegend.com,https:nelsonnaturals.com,https:kbcontract.com,https:neckify.org,https:lalunaapparel.com,https:bossboxes.store,https:ophena.com,https:amandalapalmeart.com,https:bampowerbikes.com,https:thewigcompany.com,https:baybayinwear.com,https:elio.clothing,https:roxclashes-cosmetics.com
