,340,429,441,387,595,356,454,431,460,424,519,360,492,419,582,599,310,475,515,407,456,558,341,545,339,430,563,550,451,459,536,432,497,546,393,534,514,439,398,343,420,435,511,473,552,377,489,411,425,314,414,391,373,385,455
0,https:venusenvy.ca,https:snugglyofficial.com,https:sunbeartt.com,https:jessytaylorstore.com,https:merakii.pk,https:slotcarmancave.com,https:dreamroom.dk,https:bella-belle.nl,https:imyourwardrobe.com,https:bookabar.ie,https:incredibleinventions.com,https:basketballjerseyworld.com,https:sportsnutemporium.com,https:shopzu.com,https:libreriavesalius.com,https:customcoolneon.com,https:medsgear.com,https:jewelrybubble.com,https:homeremediesmaine.com,https:flowersdirect.ie,https:jagtagenten.dk,https:myshopl.com,https:vybecats.com,https:melbournalia.com.au,https:upstartepoxy.com,https:musik-ebert.ch,https:b55.com.ph,https:saintalfred.com,https:ba111od.com,https:bushbuck.com,https:youngevity-supplements.co.uk,https:humandogbedco.com,https:premiumstore.co.nz,https:charmhood.com,https:thedecorhouse.com.au,https:realdolljpn.shop,https:bluerooted.com,https:gonefarmers.com,https:pergear.com,https:wrenandjames.com,https:ddrpad.com,https:autorenwelt.de,https:sella.my,https:colemansmotorcycles.co.nz,https:drellshop.com,https:snazzyclothingandcrafts.com,https:chubbymealworms.com.au,https:madpetzonline.com,https:gindazur.com,https:ncblade.com,https:thereallyusefulpostercompany.com,https:rooboost.com.au,https:jollein.nl,https:fightapparel.ch,https:fatherrabbit.com
1,https:venusorion.com,https:sonixinema.com,https:sunwayfoto-store.com,https:jhcaustralia.com.au,https:samsonite.com.ar,https:slowpitchbatbros.com,https:eleliving.dk,https:bemindfuel.com,https:justcountry.com.au,https:bpmsupplies.ie,https:eduktool.com,https:bassike.com,https:shoprosefy.com,https:sijenesuispasla.com,https:sierbetononline.nl,https:yogamu.org,https:meetalleyoop.com,https:jubileeresources.org,https:igloosoutdoor.com,https:naturewall.com,https:knowledgecottonapparel.dk,https:hallowand.com,https:vyperindustrial.com,https:palmasofertas.com.br,https:uqora.com,https:nicolemiller.com,https:lornashorestore.com,https:aalborgbarfbutik.dk,https:bears-with-benefits.ch,https:cardronadistillery.co.nz,https:zoompointinc.com,https:ichiban-store.be,https:wzelezniak.com.au,https:emelia-jewell.com,https:thedesignhunter.com.au,https:candyhouse.co,https:teakwoodleathers.com,https:grabtoglow.com,https:petlass.com,https:wrenchscience.com,https:earthshipstore.com,https:autostopeliminator.com,https:unrulyqueen.com,https:combatrobotics.co.nz,https:mdrncollection.com,https:soprhan.com,https:unidescontos.com.br,https:mhomefurniture.com,https:heerdegen-store.at,https:necessarybehavior.com,https:toyscentral.ie,https:rookjapan.com,https:kiravans.co.uk,https:filmm.io,https:fishcityhamilton.co.nz
2,https:venvenstore.com,https:soseduktivllc.com,https:supremegamegear.com,https:kakkadu.com.au,https:courtofachievers.com,https:smartprintsupplies.com,https:featureflora.com,https:blendcommerce.com,https:ledtracnz.co.nz,https:bridge-warehouse.co.uk,https:projekt10.store,https:bedzy.com.au,https:theslipcovercompany.com,https:skaem.com,https:cookingwithnani.ch,https:juniperoofficial.com,https:meetthenewnorm.com,https:kailh.net,https:greenauto.vn,https:sculptedbyaimee.com,https:letsgradecards.dk,https:gemloungejewelry.com,https:vytaliving.com,https:modernhardcore.com,https:urbanpostermockup.com,https:ninthavenue.ch,https:performanceswimwear.com.au,https:motowoks.com,https:bedexperts.ch,https:castcovers.co.nz,https:shopgluxebeauty.com,https:ikwilkoopjes.nl,https:xracingnz.com,https:matluxe.com,https:thedrinksociety.com.au,https:clintandsons.com,https:fordperformanceparts.de,https:hakko.com.sg,https:poncho-boutique.fr,https:wrinklesschminkles.com,https:eco-worthy.com,https:becomesanta.me,https:fintie.in,https:computerfreeks.co.nz,https:polab.com.hk,https:sportiris.com,https:rogerssashanddoor.com,https:ogondesigns.com,https:katepercys.com,https:neckbud.com,https:whatsonyourwall.com,https:roseinc.com,https:largofit.nl,https:finelineslingerie.com.au,https:petcentral.co.nz
3,https:verona-collection.com,https:spillfabrikken.no,https:sweechoon.com,https:kamipots.com,https:brinquedoeducativo.com,https:smashitsports.com,https:film-folk.com,https:blueculturetees.com,https:lorianas.co.nz,https:brookeandshoals.ie,https:pepipane-babystore.fr,https:bigwphotos.com.au,https:basiqe.com,https:soloduo.nl,https:shipwreckedkauai.com,https:kiaramonchel.com,https:megacatstudios.com,https:kapitihobbies.com,https:wendyminkjewelry.com,https:3dflyingbear.com,https:libertine-libertine.dk,https:podzies.com,https:w24.store,https:flightfactorydiscs.com,https:ursaminorstudio.com,https:pandarosa.ch,https:embodied.com,https:airfiltersdelivered.com,https:bitconsult.ch,https:checksdowntown.com,https:eunisa.com,https:illumivein.com,https:yellowzebra.co.nz,https:gameroomgoodies.com,https:thefreedomstate.com.au,https:rileystropicalfood.co.uk,https:ishinfashions.com,https:hapbee.com,https:probident.com.tr,https:wssmerchandise.com,https:erzherzog.shop,https:biohackercenter.com,https:papayacarcare.com,https:conbriostore.co.nz,https:1820watches.com,https:squareblocks.co,https:blendybuddy.com,https:petsstation.com.sg,https:knightcartoons.com.au,https:neighborhoodgoods.com,https:zedlabz.com,https:rubyolive.com,https:militairehorloges.com,https:finessestore.com,https:raptonline.co.nz
4,https:vertagear.com,https:sunshinesboutiquegifts.com,https:switch-blade.com,https:kanzi.com.au,https:nutravita.co.uk,https:snowgecko.ca,https:fitnessudsalg.dk,https:bodora.nl,https:matrforge.co.nz,https:carracks.ie,https:youbuywebring.co.za,https:bitsherebitsthere.com.au,https:kgear.com,https:soprashop.com,https:mld.com,https:myworldphone.com,https:meihuavpn.com,https:karenmurrell.co.nz,https:ozimall.com.au,https:aquatics.sg,https:lisen.dk,https:lastalladeiconiglishop.it,https:wachlerdiamonds.com,https:jearlover.com,https:usagugu.com,https:playmostore.ch,https:imalentstore.com,https:pakaapparel.com,https:blizzardgearstore.com,https:commongroundespresso.co.nz,https:cocoajeans.com.co,https:innovagoods.com,https:yogijis.co.nz,https:sensorypoodle.com.au,https:thefrenchkitchen.com.au,https:coylifestyle.com,https:mediamarkt.lu,https:harum.io,https:prototypedin.com,https:wuhuus.com,https:feichtinger-shop.com,https:bleng.com,https:whimsicalalley.com,https:consciouscrystals.co.nz,https:privityboutique.com,https:straak.co,https:bodegarpr.com,https:pgytech.com,https:lotuscrafts.ch,https:neje.shop,https:arkofsweden.com,https:rubysboutique.com.au,https:mitxpc.com,https:finetools.com.au,https:strandbags.co.nz
5,https:verticaldoors.com,https:teeshoppen.no,https:synced.sg,https:katequinn.com,https:befreeimports.com,https:soccerlocker.ca,https:hairlust.dk,https:bodycandy.com,https:minkpink.com,https:chaptersbookstore.com,https:ghostbed.com,https:blackdiamondequipment.com.au,https:www.socherish.com,https:spartanaesthetix.com,https:mynutkase.com,https:umasqu.fr,https:meliorameansbetter.com,https:kcbbakery.com,https:multibrands305.com,https:cgsparty.com,https:lova-moda.nl,https:moxyandgrit.com,https:waggfluence.com,https:wolkenfeld.de,https:usamadedropship.com,https:quavecb.com,https:zoovaa.com,https:dignityjewelry.com,https:boandtee.com,https:fitfood.nz,https:aceattire.com,https:judukids.com,https:zolenahome.com,https:rykerhardware.com,https:thehorrordome.com,https:selfcervix.com,https:luxuryplaystyle.com,https:heartdeco.co.uk,https:reisjewellery.com,https:wuwear.com,https:gartenundich.de,https:bonluda.de,https:jalandharstyle.com,https:constellationhobbies.co.nz,https:sevundesign.com,https:svgtoon.com,https:master-uley.com,https:qqstudio.sg,https:ma-grenouillere.fr,https:nektanewyork.com,https:carlinkitcarplay.com,https:rugsonlinerugs.com.au,https:oneillbrothers.com,https:fjallraven.com.au,https:theclubroom.co.nz
6,https:vervecoffee.com,https:teknikkproffen.no,https:tangoshoes.com,https:kazoo.com.au,https:narond.com,https:soccermaxx.ca,https:helseogpleje.dk,https:bookstorenmore.com,https:mytaiao.co.nz,https:coffee.ie,https:knix.com,https:blvdframes.com,https:theclothshop.com,https:sundecal.com,https:sweetpea.ae,https:aiktuning.com,https:melissacross.com,https:keebhub.com,https:roibo.jp,https:cheak.com,https:lovedot.co,https:clubcppuccnoo.de,https:wagtopia.com,https:moissanitewish.com,https:usautopartsplus.com,https:reitertasche.de,https:looseleafteamarket.com,https:ifeaturedgadgets.com,https:bollandrava.com,https:funkwithfood.co.nz,https:toughombresbeards.com,https:kindtail.com,https:yourdecalshop.co.nz,https:infinitysaltair.com,https:thehouseofmarley.com.au,https:duque.mx,https:chyrobolt.com,https:hideleathercraft.com,https:renttheatelier.com,https:wyldcbd.com,https:gipsme.de,https:bonpoint.com,https:thegiftstore.net,https:cookware.nz,https:vitaguruvitaminas.com,https:syddel.com,https:nifty-do.com,https:sharpedgeshop.com,https:modfatherclothing.com,https:neoncowboys.com,https:corporategolfservicesusgtf.com,https:rushfaster.com.au,https:paleda.nl,https:fkstore.com.au,https:thehomestoreonline.co.nz
7,https:vettacapsule.com,https:testcountry.com,https:tbm.com.my,https:kellyvillepets.com.au,https:liamhodges.co.uk,https:sohnreyfamilyfoods.com,https:kaerlighedsgaveralle.com,https:bousamb.co,https:nativesparkling.nz,https:ctronics.com,https:balensispa.shop,https:bootlipprotector.com,https:csgoirl.com,https:suprey-elektronica.nl,https:theoptimumzen.com,https:snowyjoe.shop,https:memascustomstudio.com,https:kensmart.co.nz,https:bobsfightshop.com,https:chpt3.com,https:luxafor.dk,https:dailano.de,https:wagwear.com,https:fogstar.co.uk,https:usccreations.com,https:reveil-pour-enfant.com,https:humbleace.com,https:laclothingllc0409.com,https:bricksandbonds.ca,https:getnewlook.com,https:teloplan.co,https:kkmusicstore.com,https:colorelaxation.com,https:vilelio.it,https:thejoyride.com.au,https:shopwilddove.com,https:calmersutratea.com,https:hitfitness.com,https:reyorganic.com,https:wylerahair.us,https:jasmins-perfumes.com,https:camperelektrik.de,https:pahadilocal.com,https:corporatefurnitureonline.com.au,https:theclosetonlineshop.com,https:taiga.ma,https:lingonyc.com,https:showmasterssales.com,https:mon-epluche-legumes.fr,https:neotecworld.com,https:crankbrothers.com,https:s2sd.club,https:peasmaker.nl,https:flexson.com.au,https:us2u.co.nz
8,https:vexaccounts.com,https:thecompletionist.com,https:www.tcacoustic.asia,https:kidstoyswarehouse.com.au,https:attelle-medicale.fr,https:solfarmers.com,https:kalkknuser.dk,https:brain3d.co,https:nickvonk.com,https:customwooddesigns.ie,https:hayyah.net,https:bosuaustralia.com.au,https:littlesaplingtoys.com,https:tafeltennis.be,https:amusse.co,https:xspecgear.com,https:menolabs.com,https:kentstreetcellars.com.au,https:fragrancerackshop.com,https:coofandy.com,https:malaysiaclayart.com,https:deinschmuckgeschenk.de,https:waifuclub.com,https:spaudio.it,https:usdmtuning.com,https:royaume-chiens.com,https:ivycityco.com,https:matjre.com,https:buchardtaudio.com,https:godeal.co.nz,https:goldenvalleyfarms.com,https:laboutiquedeswc.fr,https:zapakanz.com,https:stockandbarrelco.com,https:theluxyco.com,https:almukarramah.com,https:lolyinthesky.com,https:hnhgeneral.com,https:satosofralari.com,https:xcvi.com,https:jumpertrends.com,https:cerascreen.at,https:proelite.co.in,https:couvertureandthegarbstore.com,https:oedo-official.com,https:theglo-beauty.com,https:officinecreative.store,https:theguitarshop.sg,https:mymorel.com,https:nerverenew.com,https:dyn-amo.de,https:saberforce.com.au,https:planwithlov.de,https:flooringonline.com,https:vetro-online.co.nz
9,https:vftuner.com,https:theoodie.co.no,https:theboozyhub.com.sg,https:kiesmotorsports.com,https:henryelferingjewelry.com,https:soliswifi.co,https:kanseiwheels.com,https:brostyle.fr,https:outbacktrading.co.nz,https:diesel.ie,https:trinkets.pk,https:boxsmith.co.nz,https:boosthy.com,https:tapafina.be,https:funkymolly.com,https:junoecommerce.com,https:mercadofamous.com,https:kettleandfire.com,https:blapper.com,https:cstay.com,https:maleftertal.dk,https:takarjewelry.com,https:waifucups.com,https:www.slatebakery.com,https:usedtennisballs.com,https:sironwatches.com,https:ausdecor.com.au,https:altnaturals.com,https:casebuddy.com.au,https:goonvapeshop.co.nz,https:hirobyesttik.com,https:lacabanedejoey.com,https:zerofoxtrot.com,https:camperatus.com,https:theminimalisthome.com.au,https:leatherbetter.ca,https:amur.com,https:homeofhams.com,https:shoesticket.com,https:xenaworkwear.com,https:keto-up.de,https:ceylor.ch,https:greenfinger.ie,https:cpap.co.nz,https:yachtgurus.us,https:thepostureking.com,https:tiny-lab.com,https:theimprint.sg,https:nno-shop.com,https:nestbedding.com,https:fju-shop.com,https:sable.org.au,https:pokejapan.com,https:flowerkind.com.au,https:katebackdrop.com.au
10,https:viakix.com,https:tuftewear.no,https:thedailyblooms.com,https:kikoandbeauty.com,https:magiclean-world.com,https:sonicware.jp,https:keeprcollective.com,https:burga.fr,https:outpostbuildings.co.nz,https:dokkanbattleaccount.com,https:joannamaxham.com,https:buttergoods.com,https:monaschaffer.com,https:tarella.nl,https:volcanoecigs.com,https:iclothavionics.com,https:merci-merci.com,https:kidsshoesnz.co.nz,https:www.hiptothegroove.com,https:inthenameofflowers.co,https:merlamoto.com,https:kodama-collection.jp,https:wald-us.com,https:ndb314.com,https:usfireplacestore.com,https:soeur.fr,https:denai.com,https:store974.com,https:chaussure-ideale.fr,https:grabandgoemergency.com,https:wakeislandwaterpark.com,https:le-temple-du-sommeil.fr,https:zisweet.co.nz,https:techbuddiesshop.com,https:thempeople.com.au,https:bluemtnsrunningco.com.au,https:holdersstandsandmore.com,https:honorablecharacter.com,https:shopiful.co,https:xhalecity.com,https:konfettipatterns.de,https:channel5.news,https:osahdrypaks.com.au,https:cre8iveworx.co.nz,https:chaos-tobacco.de,https:urbanmorocco.com,https:dirtylittlekids.com,https:thesalveco.com,https:nobis.ch,https:nestingdays.com,https:haas-haas.at,https:sakemeta.me,https:smokecones.com,https:foamsales.com.au,https:zerosalt.co.nz
11,https:vibe-club.net,https:viralcitron.com,https:theiflystore.com,https:kingcarloscoffee.com.au,https:wearealumnus.com,https:sonyadakar.com,https:kleoskeramik.dk,https:buyitmia.com,https:polegearnz.co.nz,https:dopehouserecords.com,https:capediablostore.com,https:cabrinha.com,https:shortylove.com,https:the-foldie.com,https:exclusivevirginhair.co.za,https:atticandbutton.us,https:meridianmedicalsupply.com,https:kina.co.nz,https:baraparfums.es,https:ircmoto.com,https:miechristiansenjewelry.com,https:hillsjewellery.de,https:walkeredison.com,https:billieboutique.com,https:usuckatgolf.com,https:steakswear.com,https:rumispice.com,https:diasol.com,https:cleanymax.com,https:gtstore.co.nz,https:theginporium.com,https:lecomptoirdefrance.com,https:zoopnz.com,https:rsvp-paris.com,https:thenamestamp.com,https:heysolesisters.com,https:shop4patio.com,https:huangsjewelry.com,https:shopigo.com,https:xomandysue.com,https:kurkraft.com,https:chthaeus.com,https:vancityvogue.com,https:cskhyber.co.nz,https:luciejune.com,https:volzak.com,https:seven-sundays.shop,https:united-uniforms.com,https:nyusekai.com,https:nestlearning.com,https:hajoona-shop.com,https:salomon.com.au,https:stpraceproducts.com,https:francescalarosa.com,https:candlesupply.co.nz
12,https:vibrators.com,https:vitalischakra.com,https:themomentslab.com,https:kingdom3d.com.au,https:sueandsamuel.com,https:soulmatecustoms.com,https:lamper4u.dk,https:catchysights.com,https:popculturetengoku.co.nz,https:www.elfforchristmas.co.uk,https:kliemannsland.de,https:charcoalclothing.com.au,https:supplementmad.co.uk,https:thermovolt.fr,https:kunigunda.se,https:haven-bistro.co.uk,https:meridianplanners.com,https:kiwicakes.co.nz,https:luomo.com.mx,https:juviasplace.com,https:milas.dk,https:soflowz.fr,https:wallystickers.com,https:pureloveskincare.com,https:utahskigear.com,https:sugarnoms.co.uk,https:ringkestore.com,https:plantdecorshop.com,https:comfylamp.com,https:isupps.co.nz,https:limoncellomiami.com,https:ledhut.co.uk,https:zozo.golf,https:rockystown.com,https:thenextpair.com.au,https:galdine.com,https:elegantskine.com,https:humism.com,https:shopsheek.com,https:xparkelectricrides.com,https:letsflawnt.com,https:clockchasers.com,https:sobelathome.com,https:curvesurf.co.nz,https:moonnoodleshop.com,https:weightedstuffed.com,https:undies.com,https:gsign.gg,https:onemoretable.ch,https:neverlandstore.com.au,https:innov-research.com,https:saltshift.com,https:swisskauf.nl,https:freddys.com.au,https:livingnature.com
13,https:vibriance.com,https:vivagun.no,https:timberactually.com,https:kitchenaid.com.au,https:guerrierisicurezza.it,https:spacebound.store,https:larseneriksen.com,https:circleofhopeboutique.com,https:ppdperformance.nz,https:euronics.ie,https:caffemobile.be,https:cinnabalm.com,https:timofly.com,https:tupperwaredirect.co.uk,https:bo-star.com,https:hitchhikermilano.com,https:meritbeauty.com,https:koop.co.nz,https:campingnatural.com,https:mensuas.com,https:minijacobi.dk,https:coddletree.com,https:wamife.com,https:insectshield.com,https:uttermara.com,https:sunabz.de,https:modern-mint.com,https:livelaughlove.co.uk,https:concept-watch.com,https:jeuneora.co.nz,https:therevolverclub.com,https:liewood.fr,https:zurk.co.nz,https:myjoey.com,https:thenutmarket.com.au,https:industrywexford.ie,https:armafperfume.com,https:hydeandhare.com,https:shredzshop.com,https:xsuit.com,https:missionebellezza.shop,https:colettelatchford.ie,https:stylizedd.com,https:customspig.com,https:charcoalclothing.com,https:welcomafrica.com,https:applegrovelane.com,https:klippanyllefabrik.se,https:paidosoda.com,https:newageroyalty.com,https:istockbd.com,https:saltyshreds.com.au,https:tofvel.com,https:frolicgirls.com.au,https:happyful.co.nz
14,https:vickybarone.com,https:vortexvr.no,https:towelogy.co.uk,https:kitepower.com.au,https:ivyandelder.com,https:spatialtechnologies.ca,https:laserfoto.dk,https:cleoharper.com,https:punkypins.co.uk,https:faerly.ie,https:acupeo.com,https:classiccameras.com.au,https:keapbk.com,https:ulyxa.com,https:legacyartcollection.com,https:freshbrimz.com,https:merrysix.com,https:laplage.cl,https:ladariaofficial.com,https:millionparcel.sg,https:minimum.dk,https:montane.com,https:wanderfullbrand.com,https:ivyltresses.com,https:uwdecals.com,https:theessencevault.co.uk,https:yosposs.com,https:atomicbath.com,https:cosrx.com,https:journeyandco.co.nz,https:habitusbr.com,https:locomocean.com,https:lemondarome.com,https:aluminiumflanges.co.za,https:thepaperempire.com.au,https:fitneazy.com,https:colombiacoffeeroasters.co.uk,https:icard.com.sg,https:smaranahealing.com,https:xylize.com,https:moonmogul.com,https:copiloo.de,https:torendi.ca,https:discounttoolsnz.co.nz,https:saris.com,https:welock.com,https:pokertablesamericana.com,https:onabaddiet.com,https:paw-heaven.com,https:newburycomics.com,https:kowarzuh.de,https:sarsparilly.com,https:unwasted.nl,https:froothie.eu,https:premierequine.co.uk
15,https:victorypointlgs.com,https:wawwaclothing.com,https:toybox.com.cy,https:kittendamour.com,https:secret-training.com,https:specialmomentsofficial.com,https:mariushornberger.com,https:cloudraylaser.com,https:raptorrubs.co.nz,https:flowersmadeeasy.ie,https:porttos.com,https:cluliving.com.au,https:maxnovelty.com,https:vinaut.com,https:thompsonchemists.com,https:cannaaxella.dk,https:mestizanewyork.com,https:lavagallery.co.nz,https:beesmartbuyy.com,https:pazzion.com,https:mosmosh.dk,https:nannocare.com,https:wanderlustbeauty.com,https:myonecondoms.com,https:uwilawarrior.com,https:vaditim.com,https:foodnerdmeals.com,https:vintagebeedesign.com,https:dankedir.de,https:kelpls.co.nz,https:happy-koala-br.com,https:lup.be,https:merrittceramics.com,https:grogrocery.com,https:thepeoplestoolco.com.au,https:rritual.com,https:tumblerhub.com,https:iceland-camping-equipment.com,https:snoc.com.tr,https:yakima.com,https:mymcneed.com,https:crafthardware.de,https:mimicomerchandise.co.nz,https:doughnuttime.co.uk,https:teachmefashion.com,https:wenatal.com,https:cycplus.com,https:oversampled.us,https:perlo.ch,https:newperspectivesonlearning.com,https:londonreviewbookbox.co.uk,https:sashbeds.com,https:upfront.nl,https:fullycharged.biz,https:rebeccaatwood.com
16,https:victoryseeds.com,https:witly.no,https:toyogogroup.com,https:kittyk.com.au,https:thearmynavystores.com,https:spiritsandspice.com,https:modstrom.dk,https:colorfulstandard.com,https:redwhite.cc,https:freddy.ie,https:eozzie.com.au,https:comme-des-garcons.com.au,https:junendunes.com,https:voletto.nl,https:marlowandmae.com,https:nvplussize.com,https:mfjenterprises.com,https:legitgrails.com,https:liveupfitness.com,https:skiniplay.com,https:mulieres.dk,https:tekshop.com.br,https:warmny.com,https:thecardking.com.au,https:uwk.com,https:wotofo.com,https:wethebeach.com,https:probioform.com.au,https:dayzona.com,https:lazrusgolf.com,https:happyeasy.com.br,https:lzxindustries.net,https:moonfreya.com,https:freshcookielab.com,https:thepocketvibe.com,https:runtage.com,https:ettetete.com,https:iloveskininc.com,https:spiritwell.co,https:yayretailshop.com,https:nivall.de,https:cuptales.de,https:discounteddexcoms.com,https:droledemonsieur.com,https:remedyhealth.co.za,https:weralo.com,https:ositocoffee.com,https:powerplate.com,https:plaque-ton-mur.com,https:newsmilelife.com,https:mrchain.de,https:savvylevel.store,https:voltsshop.nl,https:furiglobal.com,https:teesfromthecrypt.co.nz
17,https:vikingheritage.net,https:barons.dk,https:toytag.com,https:kiwicookers.com.au,https:guacpop.com,https:squaremade.com,https:motorcyclestuff.com.au,https:confusingbeauty.com,https:ridersoutlet.co.nz,https:grovehome.ie,https:dmstylebrand.com,https:cotswoldsdistillery.com,https:bakerscandies.com,https:webshopboon.be,https:abboocandleco.com,https:superbwigs.com,https:mgemi.com,https:lespecs.com,https:fidgethouse.com,https:socialthinking.sg,https:namethebrand.es,https:hippieholistic.com,https:warmthingsonline.com,https:ripewineco.nz,https:uwkcase.com,https:yorkshireav.co.uk,https:vetparis.net,https:sangeetaboochra.com,https:deluxo.ch,https:literallyhim.com,https:timc-store.com,https:magicjohntemperedfilm.com,https:absolutelyjim.com,https:hiipsy.com,https:thepurseaffair.com,https:mstoreonline.co.za,https:labcopenhagen.jp,https:indiehifi.com.au,https:storebishop.com,https:yblgoods.com,https:ovyapp.com,https:damnplastic.com,https:15buttons.in,https:drones-xpress.com,https:enderextender.com,https:wommy.fr,https:amorxsiempre.com,https:prodsecrets.com,https:poke-swiss.ch,https:newstaractive.com,https:nial.at,https:scoopi.com.au,https:whennaturecalls.nl,https:futuremovement.co,https:whiskygalore.co.nz
18,https:viktormichael.com,https:dinvintageshop.dk,https:tuckshop.sg,https:km5.co.jp,https:lcylondon.com,https:stayfresh.ca,https:nuuroo.dk,https:dailylama.shop,https:roccnaturals.com.au,https:harvey-norman.co.uk,https:sannababyandchild.com,https:craftapalooza.com,https:thunderforceclothing.com,https:whistlefish.com,https:fiixbody.com,https:just4watches.co.uk,https:mhny.nyc,https:levelmtb.co.nz,https:huenoir.com,https:theflorte.com,https:norr11.is,https:voyadesk.com,https:watchrapport.com,https:costoffs.com,https:uz.team,https:branddevelopers.co.nz,https:wholelattelove.ca,https:lavidamenswear.com,https:desxcosmetics.com,https:mardeco.co.nz,https:babyshowergiftideas.com,https:maison-doree.com,https:www.realstore.tech,https:mymodernideas.com,https:theraplus.com.au,https:hooogestore.com,https:pullstartfire.com,https:innon.com,https:storeofhealth.com,https:yblkids.com,https:patch-control.com,https:delaere-womenswear.be,https:essentialtraders.com,https:eastimperial.nz,https:insoftfocus.com,https:yahyaouishop.com,https:kitchensupplywholesale.com,https:slacktljus.se,https:pomelo-co.de,https:newvaping.com,https:pussibagz.com,https:scottishkiltshop.com,https:wineinblack.nl,https:gameguys.com.au,https:ancestralremedies.shop
19,https:viktos.com,https:fest4all.dk,https:verdantaudio.com,https:laced.com.au,https:dovedesigns.com,https:steelpantherrocks.com,https:plastikhosen.com,https:darkling.be,https:rosesflorist.co.nz,https:keyleido.com,https:kanyara.nl,https:cutesass.com,https:artofmekyas.com,https:zoranya.com,https:bellaskinusa.com,https:downloadableassets.com,https:mhpstrong.com,https:lewiswinch.com,https:swrdive.com.au,https:toymana.com,https:nosewarmer.com,https:raffine-marche.com,https:waterleafpaperco.com,https:aliensupps.com,https:vaadiorganics.ae,https:mancave.co.nz,https:complete68.com,https:charlie-buddy.com,https:developdevice.com,https:metoday.com,https:spacebuddy.co,https:mapro.com,https:giftsarranged.com,https:getflowerpower.com,https:thermalshippinglabelprinter.com.au,https:fenchi.com.br,https:kroeus.com,https:jarrons.com.sg,https:suitably.com,https:yearandday.com,https:printypaint.de,https:einkorns.com,https:juniorhaul.com,https:eatcrawlers.co.nz,https:goddess-swimwear.com,https:yano.se,https:whaleshark.my,https:sunnerbergteknik.com,https:sdcwatches.com,https:nextcigar.com,https:ridepdw.com,https:scrubbabody.com.au,https:yaoskin.com,https:gamekings.com.au,https:fazals.co.nz
20,https:vincawines.com,https:iallpowers.com,https:vintage90s.com,https:lacedlaunches.com.au,https:legendslabel.com,https:steinmart.com,https:rodviborg.dk,https:deltee.com,https:skullcandy.co.nz,https:kutzall.com,https:zulaykitchen.com,https:damario.com.au,https:mycleanerface.com,https:aleef.com,https:odysseyfab.com,https:vibecentre.com,https:michaelcostello.us,https:lilyandlane.com,https:conester.com,https:brodandtaylor.com,https:paintcraftology.com,https:shopadar.com,https:wattsinnovations.com,https:kavesquare.com,https:vacuumcleanermarket.com,https:raglansurf.com,https:teamninja.com,https:wildcatog.com,https:diamondpainting.art,https:mocoqueen.com,https:calmper.net,https:meanderapparel.com,https:regimenlab.ca,https:goliathhaul.com,https:theskinboutique.com.au,https:amritahealthfoods.com,https:bisontonneaucovers.com,https:jerseybird.co,https:taymum.com.tr,https:yeerole.com,https:producertools-hardware.com,https:essenzoel.at,https:surplusselect.com,https:ebrandsnetwork.com,https:azul-homedecor.com,https:yfrans.com,https:aliris.com.br,https:unobtainiumgear.com,https:shopzetu.com,https:nextlevelprints.co,https:sacredwoman.com,https:seaandpaper.com.au,https:zetla.nl,https:gamergeardirect.com.au,https:vgjewellers.com
21,https:vinevida.com,https:paperdollcph.dk,https:watch.sg,https:lacespace.com.au,https:myvibrantmeals.com,https:stereoplasm.com,https:runforest.com,https:diamondpaintingplanet.com,https:sportinglife-turangi.co.nz,https:lilsimsieshop.com,https:beautyjoint.com,https:danimariethelabel.com.au,https:dwyershome.ie,https:footforward.co.nz,https:jackandbeyond.com,https:shopforease.shop,https:michellemcclainwalters.shop,https:lilymeolamusic.com,https:ginandgrace.com,https:likelondon.com,https:perfect-body.dk,https:papayaoslo.com,https:waxlondon.com,https:canarycoldbrew.com,https:vacuumdirect.com,https:vapoureyes.co.nz,https:getdeclan.com,https:herbeautifulmess.com.au,https:diener-weine.ch,https:naturisimo.com,https:westportdesign.ie,https:metatcg.com,https:thefurnitureemporium.ie,https:hammiebaby.com,https:theskinnerd.com,https:adessobeauty.com,https:greenthumbery.com,https:jksmfg.com,https:the3x2.com,https:yellowberrycompany.com,https:redflavourgirls.shop,https:eudrohnenpruefung.de,https:zapagerm.shop,https:ecoya.com.au,https:anrri.com,https:yourishop.com,https:lotusleggings.com,https:bikuben.com,https:spinefitter.com,https:neyonart.co.uk,https:stayhighshop.de,https:secondo.com.au,https:degeleflamingo.com,https:gamesarcadia.com.au,https:lovemerentme.nz
22,https:vintagefoundryco.com,https:pollyfashion.dk,https:wenxo.com,https:laserblanks.com.au,https:wilkiedesign.com,https:stereoplus.com,https:samsokafferisteri.dk,https:dsrcv.com,https:stormrides.nz,https:lilywho.ie,https:bobbercycle.com,https:daxys.com.au,https:olang.co.uk,https:piranhatools.co.nz,https:organicglide.com,https:klappav.com.au,https:michiganfineyarns.com,https:linetoluna.co.nz,https:thecabinet.no,https:bebefilou.com,https:peripagepocketprinter.com,https:southernfriedchics.com,https:waylonshop.com,https:greenheartsllc.com,https:vadajewelry.com,https:astridfrank.se,https:hunnybunnyboutique.co.za,https:edenandash.com,https:donpaparum.com,https:newzealandsouvenirs.com,https:thebragenie.com,https:mikomihokinashop.com,https:miraculumfire.com,https:stylesilove.com,https:thesockery.com.au,https:paulieclothing.com,https:durex.es,https:joaquimflorist.com,https:thehoneypot.co,https:yellowhammertoolworks.com,https:returnonart.com,https:famluv.co,https:bibsworld.com,https:eko.org.nz,https:unoo.ca,https:ziyamar.com,https:enjoytheriderecords.com,https:bratpackstore.com.sg,https:thebeautikit.com,https:nhddirect.com,https:szigeti.at,https:securityking.co.za,https:beaunoble.com,https:gamory.com.au,https:onucookislands.com
23,https:vintageframescompany.com,https:sofieschnoor.dk,https:westinghouse.com,https:leerdo.com,https:cococakes.ca,https:stockplace.com,https:sengefabrikken.dk,https:dumiko.nl,https:telescopicgoal.com,https:lizzic.com,https:batteryguys.com,https:dldollshop.com,https:melnsil.com,https:atomstack.eu,https:trezorbeauty.com,https:instagem.net,https:microbeformulas.com,https:lissombeauty.co.nz,https:rosslsupply.com,https:bymerrydale.com,https:phfurniture.com,https:healthyherbstore.com,https:waytoplay.toys,https:enemmall.com,https:vadaonline.com,https:lacessories.dk,https:chamonixcollection.com,https:wildtree.co.in,https:dropino.ch,https:nzmegabuy.co.nz,https:grino.mx,https:mimiaufourneau.com,https:pitbulloutfitters.com,https:caleora.com,https:thetruffleman.com.au,https:thermalkingpaper.com,https:goodcleanlove.com,https:junglepresets.com,https:toolsteal.com,https:yesoulfitness.com,https:schuhbeck.de,https:fejn.com,https:shopivorybelle.com,https:electricbikesplus.co.nz,https:wondersocket.com,https:thermolife.nl,https:baduworldmarket.com,https:fastcandy.no,https:theheritagepost.com,https:nickeykehoe.com,https:zoecajewelry.com,https:selectscotchwhisky.com.au,https:clearord.com,https:gbrsgroup.com,https:primalfires.co.nz
24,https:vintageporchswings.com,https:afoodave.ch,https:windflowerflorist.com,https:leitner.com.au,https:doseology.com,https:stratiaskin.com,https:shrigshop.com,https:duqaz.nl,https:thecomfortclub.co.nz,https:lojalemonstore.com,https:fittsville.com,https:dnclifestyle.com.au,https:shopbonhomia.com,https:crovable.com,https:casaluna.com.mx,https:hispice.com,https:midlandusa.com,https:livegrund.com,https:trajanscimed.com,https:drewpritchard.co.uk,https:plateauxjewellery.com,https:annegates.com,https:wearekids.dk,https:biovida.gr,https:vahy.co,https:lible.dk,https:shopdressup.com,https:wilkesshop.com,https:espomasishop.it,https:paintballshop.co.nz,https:steeleracingproducts.com,https:mokdy.com,https:tigerlight.net,https:bambooteahouse.com.au,https:thewhiskyshop.com.sg,https:drinksunwink.com,https:nestpets.com,https:justyouraveragegalboutique.com,https:trashy.com,https:yickyue.com,https:shop-lavagabonde.com,https:frenchman-energy.eu,https:techpointshop.com.br,https:elephanthill.co.nz,https:elevatedambiance.com,https:jktech.com.sg,https:beyoustores.com,https:fossilsg.com,https:thornfit.ch,https:nicoledigishop.com,https:littleunicorn.com,https:sensominds.com,https:coffeedose.cafe,https:gelatinaustralia.com.au,https:aboutvintage.com
25,https:violetstate.com,https:animaltotem-shop.com,https:workshopcoffee.com,https:leoncycleaustralia.com.au,https:sunstar-braking.com,https:stresscase.ca,https:sillysanta.dk,https:earthmoments.com,https:theologyofhome.com,https:loveangels.ie,https:tourelles.es,https:dogharnessaustralia.com,https:almaplantes.com,https:doncare-club.com,https:nftclubpro.io,https:skinlife.me,https:midnighthour.com,https:llloves.co.uk,https:askacollection.com,https:goliajewelry.com,https:pluginenergy.de,https:krystalwhitten.com,https:weareohho.com,https:academic.com.sg,https:vakkerdental.com,https:lovetown69.de,https:serels.com,https:dieseltruckproducts.com,https:everlastingcomfort.net,https:pcbros.tech,https:stepbuildingsupplies.co.za,https:mondoloops.com,https:alishop.am,https:hopeandivy.co.uk,https:thewinecollective.com.au,https:diessner.de,https:mlprivatesales.com,https:keyboardkustoms.com,https:tremendousleadership.com,https:yitamotor.com,https:sifjakobs.com,https:frest.shop,https:beardedgoat.com,https:emmalewisham.com,https:bogrendigital.com,https:zancasonne.se,https:swingingmonkey.com,https:gamingsjappa.no,https:tianqingji.com,https:nicolesapothecary.com,https:anydayflorist.com,https:serafina.com.au,https:greenphilosophy.co,https:geotyres.com.au,https:adoraswim.com
26,https:vipertecknives.com,https:atelierdusourcil.com,https:worldguitars.co.uk,https:lifepo4oz.com,https:hasegawa.jp,https:studioakiyo.ca,https:skinsense.dk,https:egotier.be,https:threadgate.net,https:lumired.ie,https:goatheadbikeco.com,https:drinkmorning.com.au,https:gatluaksjewelry.com,https:drinkdealer.ch,https:jewelmore.com,https:dietbutcher.jp,https:midnightjo.com,https:lmtbrk.com,https:valaado.com,https:nectarbxl.com,https:secondlife-evbatteries.com,https:hblbatx.com,https:wearewarriors.co,https:naturalstonetraders.ca,https:valetstudio.com,https:marvo-tech.com,https:skelliggiftstore.com,https:winewell.in,https:ezvalo.com,https:phunkybento.co.nz,https:celectigo.com,https:monhily.se,https:plantshappy.com,https:customfootandarch.com,https:thewineprovidore.com.au,https:shop-artemis.com,https:bestrix.com,https:kinhank-retrogame.com,https:tt-abc.com,https:ylang23.com,https:sneakwearlab.com,https:fusslis.com,https:ruffhouzin.com,https:endemicworld.com,https:shistaka.com,https:mistore.dk,https:leizicollection.com,https:geteagleview.com,https:videla.fr,https:nightwhisperdesign.com,https:arenaliving.sg,https:serenitea.com.au,https:shopshashi.com,https:getlocksensor.com,https:aletas.dk
27,https:viralmerch.shop,https:blackcapecomics.com,https:yongsengcoffee.com,https:lightsaberfx.com,https:coffeesweat.com,https:sukoshimart.com,https:sneakerzone.dk,https:egrass.be,https:thsmoto.co.nz,https:manlytshirt.com,https:thedevicenest.com,https:drunk-desires.com,https:jwfurniture.com.au,https:fermliving.com,https:timeasido.co.uk,https:eluxurysupply.com,https:midnightrouge.com,https:lotsashoes.co.nz,https:amyrosa.fr,https:racketnow.com,https:silkeborg-uld.dk,https:zapclothing.com,https:wearpinsy.com,https:humblymade.com,https:valiantuofm.com,https:melchiorjewelry.com,https:jypsycaravan.com,https:solara.in,https:feet-soles.com,https:radicoolkids.com,https:heartbreakhillrunningcompany.com,https:morcelle.nl,https:thegoldenmonth.com,https:anniesteahouse.se,https:tilleysoaps.com.au,https:shopuspeakers.com,https:catloversboutique.shop,https:kkpl.com.sg,https:tuhafiyecimiz.com,https:yonatzilberg.com,https:spuno.de,https:game-academia.com,https:nolecare.com,https:ephraimhealth.co.nz,https:livewelles.com,https:chezpluie.com,https:vietnamjeeptours.com,https:giftbasketstore.com,https:vivre-card.com,https:nikkiajoycosmetics.com,https:balancedlivingasia.com,https:sexyland.com.au,https:vittujenkevat.fi,https:getmaude.com,https:areastore.dk
28,https:virginiatrees.com,https:calisso.de,https:youngbloods.co,https:likebutter.com.au,https:sinuss.nl,https:sunsoil.com,https:speedqb.com,https:ehplabs.co.uk,https:verge.co.nz,https:masita.ie,https:auroralux.ca,https:dtoz.com.au,https:devineshimmers.com,https:hhofactory.com,https:papergreats.com,https:dotmaison.com,https:midshipgarage.com,https:lovesilk.co.nz,https:viaggioplus.jp,https:scootaiz.com,https:skootskootskoot.com,https:becharas.com,https:wearva.com,https:sofia-jakobsson.com,https:vanceyapparel.com,https:mx4ever.dk,https:babzbeauty.com,https:fragrantisle.com,https:feey.ch,https:rivendellshop.co.nz,https:riteav.com,https:motifmats.com,https:anokhiusa.com,https:ilivewellstore.com,https:tinderbox.com.au,https:ragingbullcoffee.com,https:lovemoan.com,https:kristalizejewelry.com,https:tvcovers.com.au,https:yoobi.com,https:tierbeimir.com,https:geekgamingeu.com,https:gopro.mx,https:escentials.com,https:ethnicsupply.in,https:pristinecrafts.shop,https:bigbucksplus.com,https:injora.com,https:wing-hub.com,https:nikkichasin.com,https:cartonbox.sg,https:sharpedge.com.au,https:arkkcopenhagen.dk,https:getphotoblanket.com.au,https:authentic.dk
29,https:viridianbay.com,https:camp-any.com,https:zahocho.com,https:lilabeauty.com.au,https:shop-marciamoran.com,https:supercleday.com,https:thegarrison.dk,https:ehplabs.com,https:victronenergy.co.nz,https:northerncardgaming.com,https:tena.com.au,https:duralmusic.com.au,https:kojemipon.com,https:inaswim.com.au,https:jmariepremiumsneakers.com,https:escosigns.com,https:midwestlaundries.com,https:luxsolar.co.nz,https:jerseyfc.net,https:segway.la,https:solinvictus.com.au,https:sunnysmilecompany.com,https:wearviceversa.com,https:i9caps.com,https:vangoa.com,https:roomroom.dk,https:getswitchbands.com,https:suitsandmore.com,https:fitzgames.com,https:scarletworkwear.co.nz,https:rwbla.com,https:mountainlab.nl,https:poundtoy.com,https:pineconeindia.in,https:tinybotvinyl.com,https:petsmaniak.com,https:passioneongles.fr,https:kumori.com.ph,https:twowayradiogear.com,https:youngwildandfriedman.com,https:wagyuhof.com,https:geekgamingscenics.com,https:hobbees.com.mx,https:etchcetera.nz,https:different-store.gr,https:butler-loftet.dk,https:toolsdistrict.com,https:kledegfint.no,https:wrapitstorage.com,https:nikkoindustries.com,https:casefactorie.com,https:sheamoisture.com.au,https:jule-sweaters.dk,https:giftsbygabs.com.au,https:bagenoerd.dk
30,https:virusintl.com,https:cleoeyewear.com,https:zinus.com.sg,https:littleloveclub.com.au,https:laboucherie.be,https:supercrush.com,https:thejewelleryroom.com,https:envisionscreens.com,https:101-films-store.com,https:nunaia.com,https:orangetargetammo.net,https:ecorridor.com.au,https:socialecxperiment.com,https:incylence.com,https:firsthood.com,https:gulfcoastshop.com,https:mielleorganics.com,https:lx2001.co.nz,https:edmatools.ca,https:sergedenimes.com,https:stinegoya.com,https:smartbeeshop.com,https:weaverleathersupply.com,https:akishop.jp,https:vanguardworld.com,https:2tinyfeet.com,https:alto-bravo.com,https:flora-danica.com,https:fjorkmerino.com,https:shoeandme.co.nz,https:doubious.co.uk,https:mqing168.com,https:democraticeyewear.com,https:fibrefrolic.com.au,https:tinyink.com.vn,https:linearblockingtools.com,https:1stnutritions.com,https:leica-store.sg,https:unimatautomation.com,https:yourfavoritetshirts.com,https:weberworkshops.com,https:gigasnutrition.com,https:chowhemp.com,https:eva.com.au,https:shopfils.com,https:snydepels.dk,https:mapletuque.ca,https:kollektedby.no,https:homeessentials.co.nz,https:nilespie.com,https:ccm.com.sg,https:shekkingears.com,https:lakor.dk,https:giliarto.com,https:bakskincare.dk
31,https:visionpros.com,https:cruftsofficialshop.com,https:addictedtoaudio.co.nz,https:littlesewingco.com.au,https:unboundsupplements.com,https:supersofacover.ca,https:theprince.dk,https:estudioniksen.com,https:3deksperten.dk,https:oblackcaps.com,https:moodstories.us,https:edgepower.com.au,https:otsosport.com,https:lik.com,https:plantstore.co.uk,https:deluxe-homes.de,https:mightywallet.shop,https:maddwill.com.au,https:waq-online.com,https:shoplily.be,https:stormfashion.dk,https:yoanabatista.com,https:weddvibes.com,https:mylifehandmade.com,https:vanillapura.com,https:4x4deals.be,https:shenghongfu.online,https:puritylacedesigns.com.au,https:forvanity.com,https:smilebox.nz,https:safelightberlin.com,https:muur-art.nl,https:kittees.com,https:boccaiearrings.com.au,https:tinytapes.ca,https:2scalefab.com,https:elainabadro.com,https:loulourose.co,https:univers-skull.com,https:yourmusiccrate.com,https:shepunk.co,https:ginasmartboutique.co.uk,https:lacarniceriavirtualcdmx.com,https:everybird.co.nz,https:gatzby.com.au,https:mightyunderground.com,https:mrgoods.de,https:kosteppe.com,https:loadednz.com,https:nimsboutique.com,https:cheeselads.com,https:shewear.com.au,https:tastillery.com,https:gimmeswag.com,https:byanabel.nl
32,https:visualfxpro.com,https:dedotec.ch,https:fotofinish.co.nz,https:littlesquiffy.com.au,https:healogy.shop,https:surrealskincare.com,https:thermohands.dk,https:europerfumes.it,https:3insights.dk,https:phonesonline.ie,https:luv2pak.com,https:effiekats.com,https:head-east.co,https:luxsorize.com,https:hdindustrialdesign.com,https:iloveyourband.com,https:mikesgolfshop.com,https:madegood.co.nz,https:wearbank.jp,https:so-socks.com,https:summerbird.dk,https:mywonderfulwalls.com,https:weekendcheers.com,https:nmdesign.co.za,https:vantop.com,https:77heavens.com,https:therasage.com,https:lynamel.com,https:friendsoftea.de,https:tailorskin.co,https:homehealthcare.com.ph,https:mybeautysoap.com,https:gboxstore.com,https:garlicgourmay.com,https:titanthreadsinc.com,https:monalisadisplay.com,https:loinlondon.com,https:loveislove.com.sg,https:vikingceltic.fr,https:yourphotosocks.com,https:thecaribbox.com,https:goldeimer.de,https:kellykross.com,https:exoticperformance.net,https:shopgudvibrations.com,https:nets-ch.shop,https:ocgear.com,https:luxyloopsupply.com,https:paperrain.co.nz,https:ninefit.eu,https:compasia.sg,https:shokz.com.au,https:visonsbutik.com,https:gingtto.com,https:calisweats.dk
33,https:vitalsleep.com,https:elleskin.fr,https:tvshop.co.nz,https:livinglewd.com,https:thecrystalranch.com,https:suryaherbal.com,https:tiltmakeup.com,https:everestbands.com,https:abyts.com,https:posterlad.com,https:charlottewooning.com,https:elpisclothing.com,https:iglamcosmetics.com,https:malo.it,https:confettirebels.com.au,https:pedaldrivencycles.com,https:mikespaddle.com,https:madeoftomorrow.com,https:hairjikoo.com,https:themakeupspot.nl,https:tacngear.com,https:lovecases.com,https:weesprout.com,https:chickletsandbananas.com,https:vape-street.com,https:advancedweldingsupplies.com,https:gencrafts.com,https:woodenbazar.com,https:gambur.ch,https:thecopshop.nz,https:home-concepts.com.au,https:mybeerbox.be,https:beauandro.com,https:internationalsnacksshopmore.com,https:tlspares.com.au,https:spartanrifles.com,https:browncoworganics.co.uk,https:lussocitta.com,https:vilrol.com,https:yoursuper.com,https:139dec.com,https:gypsyjazzguitarnow.com,https:miapaluzzi.com,https:ezyliving.co.nz,https:shopisalis.com,https:akracing.com,https:nubtools.com,https:minvarmetights.com,https:hairdo.dk,https:nipppy.co,https:craftteafox.sg,https:shop961.com.au,https:ecvisionsound.com,https:glidegear.net,https:carpeomnialifestyle.com
34,https:vitatradingco.com,https:etyneo-e.com,https:bluebellscakery.com,https:localcart.com.au,https:steelheartrings.com,https:svpsports.ca,https:verticalgallery.com,https:fabulousfairytales.com,https:airestech.com,https:rivaj-uk.com,https:korin-france.fr,https:emiafashion.com.au,https:1more.com,https:mysnowflake.ch,https:bizpressions.com,https:centralgrills.com,https:militarymentalendurance.com,https:madisons.co.nz,https:equus-libris.com,https:printyourpad.com,https:teletoneaudio.com,https:camelerspiceco.com,https:weezietowels.com,https:worldofwheelcraft.com.au,https:vapeciga.com,https:agonia.nl,https:italiandifference.com,https:woodlandinspirations.com,https:geckota.com,https:toys101.co.nz,https:approvedvitamins.com,https:mygrippyboy.com,https:pickupgamesllc.com,https:eatmylj.com,https:tnairshoes.com.au,https:spadet.com,https:sustainablepackagingstore.com.au,https:madedifferent.co,https:vionine.com,https:yourtecs.com,https:amiaddicted.sg,https:heatholders.co.uk,https:pawpaworld.com,https:fazalandsons.com,https:tokyo-kaminariya.com,https:alphafoods.de,https:leaders1354.com,https:nelsonracingengines.com,https:annahstretton.co.nz,https:nirvananaturals.com,https:eubiq.com.sg,https:shopflexmami.com,https:weingut-trummer.at,https:glowcollection.com.au,https:cbbplanet.com
35,https:vitrazza.com,https:everydaydesign.de,https:danikacooperjewellery.com,https:loganjacobsbooks.com,https:liliandkoi.com,https:swiftyscooters.com,https:craftables.co.nz,https:fantoystore.com,https:alexterrible.com,https:shannonsidehardware.ie,https:civilstoneware.com,https:eventec.com.au,https:derucatering.com,https:nanimarquina.com,https:planetribs.com,https:neckrescuedr.com,https:milkbots.com,https:madraspropstore.com,https:otbmarine.com.au,https:spcshop.ch,https:tiedex.co.uk,https:drefbufy.com,https:wegrowbuds.co,https:kingdom59.com,https:vapehoop.com,https:airpaq.de,https:tomatogrowers.com,https:woodsala.com,https:gkcollectors.com,https:troubleandfox.co.nz,https:planedo.cc,https:naked-underwear.com,https:sawwarrior.com,https:chilledcow-merch.com,https:todayglitter.com,https:scotria.com,https:blackyello.com,https:makersingredients.com,https:vitamins.nl,https:yourvabuddy.com,https:amlt.sg,https:heatholders.de,https:mondodimoto.mx,https:fenrircanineleaders.com,https:nicepick.in,https:dior.co.nz,https:switchhub.net,https:ownasaber.com,https:topdognutrition.co.nz,https:nmlook.com,https:familystore.com.my,https:shopnoticela.com,https:arabianorganics.com,https:gndfitness.com.au,https:cerascreen.dk
36,https:vivantskincare.com,https:fairoase.ch,https:harryseuro.co.nz,https:lonofo.com,https:keenbags-collection.com,https:syxmoto.com,https:nealsgadgets.com,https:flowrette.com,https:amareen.dk,https:siarphotography.ie,https:lindwurm.shop,https:evolveskateboards.com.au,https:luxurytherapyyy.com,https:obiono.com,https:abasiguitarsusa.com,https:irondoggy.com,https:millerleather.com,https:magnacanvas.com,https:eastofedenleathers.com,https:watchobsession.co.uk,https:vinhuset-stoltz.dk,https:pccentralstore.com,https:weider.com,https:flickeringbliss.com,https:vapejuice.com,https:amarello.nl,https:ashera-cosmetics.de,https:woodswholesalewine.com,https:goldstein.shop,https:wedeliver.nz,https:mrgoldpluspamplona.com,https:neogenlab.us,https:xcvb.co.uk,https:problanks.com,https:tonicmumma.com.au,https:flowoutfitters.hu,https:marltons.co.za,https:mantrafinejewellery.com,https:wheelcollectors.com,https:yourvinylshop.com,https:bellapasta.com.sg,https:heaven-patches.com,https:startswithlegs.com.au,https:finelineflag.com,https:shopskr.com,https:watchspree.com.sg,https:vel-oh.com,https:pomelo.no,https:almawatches.com,https:nmsapparel.com,https:fantastic4toys.com,https:shopwudn.com,https:audioreakt.com,https:gnsports.com,https:certi-pulse.com
37,https:vivehealth.com,https:ferryxpress.ch,https:kittenishgirl.net,https:loveisabellejewellery.com,https:sldo-store.com,https:tammyfender.com,https:stellaandgemma.com,https:flowy.be,https:appliancerenew.com,https:simplefinds.ie,https:pmr.fr,https:fantechworld.com.au,https:arkbuzz.com,https:omoralis.com,https:shopluxebaby.com,https:iserieshub.com,https:millerroseprinting.com,https:maimoa.nz,https:thehijabstore.com,https:himalayawellness.eu,https:vinimondo.dk,https:voune.net,https:weissenborns.com,https:solebicycles.com,https:vapeszn.com,https:ameroh.fr,https:wavewear.net,https:amiihome.com,https:gourmetdepot.ch,https:wpl-rc.com,https:laylacosmetics.it,https:ninashop.be,https:azfireuniform.com,https:joyprettyskin.com,https:topgadgettech.com,https:melbournebicycles.com,https:williamshealthstore.com,https:maybe.sg,https:wihatools.com,https:yourwobb.com,https:capitol.com.sg,https:heavymind.de,https:blackrockmarine.com.au,https:fjallraven.co.nz,https:fastcatcable.com,https:theshaidenshop.com,https:kameplife.com,https:powerspout.com,https:mtbgear.dk,https:noamaudio.com,https:geekandgorgeous.com,https:shopyouer.com,https:enterprise-japan.com,https:gnsports.com.au,https:comfycopenhagen.dk
38,https:vividinbellingen.com.au,https:fetish-time.com,https:nzluggage.co.nz,https:lsgfitness.com.au,https:tdgiftsolutions.com,https:tandkhunting.com,https:cedarcreekfarmhouse.com,https:forteseries.com,https:aprilcoffeeroasters.com,https:thecraftyrock.com,https:nps-solovair.com,https:figuredart.com,https:clostudio.com,https:perifit.co,https:bedjudewillford.com,https:ishinesavvy.com,https:milliondollamotive.com,https:mainstreetclothing.com.au,https:smartparkingapps.com,https:dentsgloves.com,https:vintageluxuries.com,https:thechicfind.com,https:wellprepared.com,https:budca.co,https:vaporshopdirect.com,https:amourducake.com,https:mellowj.com,https:worldofchristmas.in,https:heeltread.com,https:allcare.co.nz,https:polarnopyret.co.uk,https:nonadrinks.com,https:waucrafts.com,https:moreragrosso.com,https:tropeaka.com.au,https:thisisstelar.com,https:minibmx.nz,https:mcdavidusa.com,https:wrldwants.com,https:yourworldshop.com,https:cappellos.com,https:henkaa.com,https:lejardininfini.com,https:flagmagic.com,https:kudu.gr,https:artresin.com,https:vibrantk9.com,https:retrospillkongen.no,https:theedinburghcastingstudio.com,https:www.nocsprovisions.com,https:getmontigo.com,https:shreddy.com,https:floately.com,https:gobetradehouse.com,https:conzuri.com
39,https:vivitar.com,https:fizzen.ch,https:pepastationery.co.nz,https:lumineriess.com,https:rollingla.com,https:tastewander.com,https:earlylife.co.uk,https:frdmgear.com,https:artbyme.dk,https:theperformanceshop.ie,https:knock-out.ro,https:flowerdose.com.au,https:invigocoffee.com,https:puralpina.ch,https:ejuicedepo.com,https:karatcart.com,https:milliondollarbookbusiness.com,https:maramataka.co.nz,https:anatome.co,https:dixxon.co.uk,https:whygolf.com,https:hollywoodhairbar.com,https:wellwoven.com,https:tryairwallet.com,https:vasaricolors.com,https:animattress.com,https:coffeeroasters.com.au,https:laflamencadeborgona.es,https:heimatkult.ch,https:andreabianishop.co.nz,https:nogginfactorytoys.com,https:noodle-head.com,https:sherrimadison.com,https:airloop.tech,https:tropicalpoolstore.com.au,https:thirstbreakers.com,https:fovitec.co.uk,https:megadiscountstore.com.sg,https:xesso.us,https:youskincare.us,https:dailyjocks.com,https:heppo.com,https:zalmaapparel.com,https:flyhoneycomb.co.nz,https:divasdenfashion.com,https:yanncouvreur.com,https:yourempoweredlife.com,https:royalneon.no,https:bbqsandmore.co.nz,https:nodress67.com,https:jblonlinestore.com,https:shumishop.com.au,https:hairypony.com.au,https:gobiheat.com.au,https:danskpapirvare.dk
40,https:vk9.com,https:getpockyball.com,https:smartkiwis.co.nz,https:luxecommunications.com.au,https:mokato-coffee.com,https:techwellness.com,https:esucculent.com,https:fulfilnutrition.be,https:australian-bodycare.dk,https:thetemplewolf.com,https:vcoxo.com,https:freshonyoung.com.au,https:resolarsunglasses.com,https:qisubrand.com,https:montanahudson.com,https:quintessentialtresses.com,https:mimicsmakings.com,https:margarola.com,https:artdisco.co.uk,https:gtb.sg,https:woodstein.dk,https:babysasquatch.store,https:welovebroth.com,https:ora.co.nz,https:vastco.shop,https:apexdesk.com,https:singuli.hr,https:melimoli.com.cn,https:heimwehmusig.ch,https:boncharge.com,https:liggs.com,https:novou.nl,https:friendlyfinders.com,https:weldingstore.com,https:trulyamor.com.au,https:chris-parry-handmade.co.uk,https:thesilvergoose.co.za,https:merchfan.co,https:archivaldesigns.com,https:youthministry360.com,https:dennymfg.com,https:herbalair.at,https:beatobundle.com,https:footballcentral.co.nz,https:chez-mamie-gigi.com,https:buddybites.sg,https:animeplug.co,https:secretgarden.ro,https:alifeandkickin.com,https:nohaircrew.us,https:klarra.com,https:silkrolla.com,https:hoagard.com,https:godiva.com.au,https:delenordic.com
41,https:vlandus.com,https:ifarh.com,https:tcgcollectornz.com,https:luxiaojunbarbell.com,https:live-lifestyle.com,https:teresatarmey.com,https:succulents-australia-sales.com,https:fursbytoy.com,https:ayoross.com,https:weareriley.com,https:uspoloassn.co.uk,https:fullmetalclothing.com.au,https:iamchazortiz33.com,https:retrogamingguy.com,https:awesomecameras.com,https:eve-artsupplies.co.za,https:mindgamesfragrance.com,https:maxbone.com,https:pinter.co.uk,https:peteandharry.com,https:gakogljer.dk,https:meelcorp.com,https:wenproducts.com,https:cadocosmetics.com,https:vava.com,https:armadadeals.com,https:ccconekuto.jp,https:eastcoastin.com,https:hubenairguns.shop,https:bythebottle.co.nz,https:baustoffzentrale.com,https:nsukea.com,https:durexcanada.com,https:mirayat.com,https:trutaste.com.au,https:seveskig.com,https:shopwithus.co.in,https:miyeppeo.com,https:realsync.us,https:yummie.com,https:e78shop.com,https:hikishop.biz,https:jq-energyhub.com,https:fostersshipchandlery.co.nz,https:pet-orama.com,https:koopje.com,https:auratech.ae,https:skpang.co.uk,https:dinluksus.dk,https:noknot.co,https:komorax.net,https:simply-leds.com.au,https:keciaksesuar.com,https:goforzero.com.au,https:det-gamle-apotek.dk
42,https:vocalpockets.com,https:johnny-urban.de,https:twoislandsco.com,https:luxxeboutique.com,https:sunad.es,https:the-western-shop.com,https:thegenderexperts.com,https:galaxybomb.com,https:badboysairsoft.dk,https:cardmerchant.co.nz,https:urbanwing.com,https:funnyfuzzy.com,https:pumpstreetchocolate.com,https:riinglight.com,https:royalskinshop.com,https:mylinenwardrobe.com.au,https:minibeastofficial.com,https:mecora.co.nz,https:lacedupshoetique.com,https:pitbullsports.com,https:juletr.dk,https:dollschino.com,https:westofkeywest.com,https:colurati.com,https:vaynercommerce.com,https:artisandasie.com,https:dreamgreen.in,https:signatureautoparts.com,https:icustompainting.com,https:caci.co.nz,https:graodegente.com,https:oliverfurniture.com,https:tantousa.com,https:ra-ma.shop,https:twinklingtree.com.au,https:kyrafinegold.com,https:apollosatellite.com,https:modori.sg,https:walkerandhall.co.nz,https:yyyclothing.co.uk,https:erogenos.com,https:horizonsmusic.co.uk,https:capricurves.com,https:foundrychocolate.co.nz,https:station97.pt,https:poleonline.de,https:maverickandfarmer.com,https:tilthydrometer.com,https:dressforsuccess.dk,https:nolva.shop,https:kreyolessence.com,https:sipmask.com,https:kismetbymilka.com.tr,https:goincase.com.au,https:epifanianightwear.com
43,https:voganow.com,https:julada.de,https:vincerocollective.com,https:mackie3dcreations.com,https:highandflystore.in,https:theairhood.com,https:basisnz.co.nz,https:gekkedeals.nl,https:badebaljen.dk,https:vapo.co.nz,https:nomadchic.mx,https:gamesempire.com.au,https:devonleighdesign.com,https:sevenfriday.com,https:farmacare.pe,https:flawlessbrush.co,https:minibrew.com,https:micropod.nz,https:mineperfumelab.com,https:recipeformen.se,https:misterlube.co.nz,https:pinklay.com,https:westpointhome.com,https:bathla.com,https:vchelabel.com,https:asiaidemo.com,https:octomask.com,https:reusedremade.com,https:innonature.ch,https:cardgallery.ie,https:ventra.in,https:otakuparadise.fr,https:rydesafe.com,https:laparure.com.my,https:uggoriginals.com.au,https:rebeccahaas.com,https:pendleton.jp,https:most.sg,https:contourdesign.fi,https:z2comics.com,https:eubiofficial.sg,https:houseofwigs.de,https:makasboutique.com,https:foxroad.co.nz,https:monq.com,https:adventuresofrubi.com,https:ourkpop.net,https:vignesgravaaspreng.no,https:photocare.dk,https:norascove.com,https:kubarz.com.au,https:sippify.com.au,https:kullanattahta.com,https:goldengrind.com.au,https:fast-sling-puck.com
44,https:voltgopower.com,https:khaite.com,https:workshop.co.nz,https:madebymaddie.com.au,https:beautyblissss.com,https:thebetterbeauty.com,https:blackpineapple.co.nz,https:getanoshandelsonderneming.nl,https:balar.dk,https:missnella.com,https:la-mercerie-des-copines.ch,https:gintani.com,https:laniquetreasurys.com,https:slingfin.com,https:locationwindsor.com,https:bleudame.com,https:miningapparel.com.au,https:mideahomes.co.nz,https:legionoffellas.com,https:robinwoof.com,https:rabbitborrows.com,https:monsterscreenprints.com,https:wfhresumesbycali.com,https:sunchlorella.co.uk,https:vecinosmarket.com,https:avvamall.com,https:latinvfr.com,https:zonespeaker.com,https:ishonest.com,https:chookmanor.co.nz,https:phoenixracer.com,https:paintmingledrink.com,https:kameraz.com,https:brightonvetcare.com,https:ultraracingshop.com,https:imossy.com,https:nokim.jp,https:mymommysmagic.co,https:intrepidcamera.co.uk,https:zaddeo.com,https:evergoods.us,https:italiangourmet.de,https:tranquilorganix.com,https:franklyandco.com,https:mystylebox.ca,https:aniforte.co.uk,https:davis-orologi.it,https:vvsjewelry.com,https:smappliance.com,https:noraydesigns.com,https:lamexicana.sg,https:sistersrun.com.au,https:maono.com,https:goldengrocery.com.au,https:floor-butik.dk
45,https:vometalcenter.com,https:lamarqueenmoins.fr,https:billigstyling.dk,https:madraslinkonline.com.au,https:hokuouzakka.com,https:thecourseflow.com,https:bodyfx.co.nz,https:gindebinche.shop,https:barato.dk,https:ace-denim.com,https:corenutrition.com,https:goldfieldsconfectionery.com.au,https:bimbamboopaper.com,https:soeder.ch,https:roksanda.com,https:janasya.in,https:minkhairwholesale.com,https:mideashop.co.nz,https:poopoopaper.com,https:thehamiltoncollection.com,https:stunnanolimits.co.nz,https:homesteadmade.com,https:wftarot.com,https:beinspiredboutique.com,https:veganforall.com,https:backfireboards.com,https:anemosswim.com,https:justbeachyshop.com,https:jacquesdumanoir.ch,https:gngtraders.co.nz,https:lebenslauf-vorlagen.net,https:palmythfishing.com,https:photofolio.com.mx,https:blueplanetstore.com,https:ultraviolette.com.au,https:skartgripirogur.is,https:dot-mod.com,https:nativessentials.com,https:tateandyoko.com,https:zagroscorp.com,https:foptics.club,https:jaspercaven.shop,https:instapark.com,https:freestylefeet.com.au,https:monkinz.com,https:backpacker-life.com,https:teapond.jp,https:cloud10beauty.com,https:chingaclothing.com,https:northerntoboggan.com,https:mezeaudio.com,https:sixthings.com.au,https:metrobrazil.com,https:golebysparts.au,https:galiente.com
46,https:vondshoes.com,https:littlecompany.ch,https:boody.dk,https:maduratea.com.au,https:supertoshop.com,https:thecrystalshop.ca,https:cycletreads.co.nz,https:groupelivre.com,https:bauerfeind.com.au,https:aromajelly.com,https:neelamhakeem.com,https:goodtotes.co,https:petandkennelsupply.com,https:tagadoom.com,https:valtiba.com,https:janeausten.co.uk,https:minnowswim.com,https:mirabellabeauty.com,https:sprinkleandsparkle.store,https:huski.co.nz,https:swolefoods.co.nz,https:iamundercover.com,https:whataroom.com,https:daughtersofculture.com,https:velocio.cc,https:bananamilkstan.com,https:supahmarket.com,https:missoulacakes.com,https:jungle-scs-ensale.com,https:gvcheese.co.nz,https:searteq.com,https:pantaclub.be,https:evasfashion.com,https:creamandpowder.com,https:unichempharmacy.co.nz,https:razorsedgemotorsports.com,https:nexbelt.com,https:nichii.com,https:arkkcopenhagen.com,https:zamberg.com,https:gafoorlivemeatcuts.com,https:klarify.me,https:beaugesteluxury.com,https:fridaypatterncompany.com,https:deadsea-cosmetic.com,https:bellawebshoponline.nl,https:aumaum.com.tw,https:ecirettewholesale.ie,https:agoodcase.dk,https:northwindsupply.com,https:momochickenbeer.com.au,https:skaterhq.com.au,https:nhdelegance.com,https:gooandco.com,https:gogreenaquaponics.com
47,https:voyageswimwear.com,https:ma-deco-industrielle.com,https:cbsports.com,https:magpiegoose.com,https:baristaequip.com,https:thefeistyfeline.com,https:diamondphoto.co.nz,https:guitarkitworld.com,https:beanbros.co,https:babybabe.ch,https:kindredbook.com,https:goodwinsonline.com.au,https:deskbandit.com,https:teemotion.ch,https:borntounicorn.com,https:spezei.de,https:mintednewyork.com,https:mitchellvincent.co.nz,https:gadgetscrapbook.com,https:cabking.com,https:vapepark.co.nz,https:backdoor2basement.com,https:whatmonstersdo.com,https:britishhomeemporium.com,https:vendah.com.br,https:bao-aquarium.com,https:yummybox.com.au,https:xech.com,https:www.jztechnology.ch,https:harristapper.com,https:mircatos.com,https:parislively.com,https:nflexor.com,https:zncryptomining.com,https:unikclothing.co.uk,https:houseofhypatia.com,https:xtremeline.ca,https:nitecorelights.com,https:myfavouritethings-knitwear.com,https:zasuwasportswear.com,https:gandago.ca,https:kongessloejd.de,https:ansonbelt.com,https:furnish.co.nz,https:bestcentralshop.com,https:birminghamwear.com,https:bluemonocle.com,https:finalbendfitness.com,https:beyondcoffee.dk,https:nostabeauty.com,https:mysunnystep.com,https:skullspeaker.com,https:primeblaster.com,https:goodharvest.com.au,https:gorillacasestore.com
48,https:vrsdesign.com,https:main-story.com,https:hexcladcookware.eu,https:maison9wine.com,https:getrhinoprotected.com,https:thegirlguidestore.ca,https:edibleblooms.co.nz,https:habiague.fr,https:bedrelyd.dk,https:collectifmonamour.com,https:vedix.com,https:gr8flex.shop,https:rocksolidsupplies.com,https:thermos.com,https:lajunmanik.com,https:abandonedrhinestones.com,https:mirasafety.com,https:mixfoundation.co.nz,https:teleshopero.com,https:capalotapparel.com,https:foxracing.co.nz,https:facemasksnow.org,https:whatthefin.com,https:shopthemledit.com,https:vendor.shopping,https:baron.mx,https:casualmode.fr,https:maxwellsmysticmarket.com,https:kamashop.ch,https:hotboxx.co.nz,https:reelfishyapparel.com,https:partyfurniture.nl,https:pinkgolddesign.com,https:oldroadwinecompany.com,https:unit.com,https:mckeejin.com,https:byfalengreen.dk,https:nnyeo.com,https:graphite.sg,https:zbrushjewelrywarehouse.com,https:globalchargers.com,https:kraeutermax.com,https:beercave.id,https:gails.co.nz,https:blizzyhome.com,https:blushshop.nl,https:mocbelt.com,https:louiscopeland.com,https:dinled.dk,https:nostalgicbulbs.com,https:nakamichihomeaudio.com,https:skymusic.com.au,https:qcy.com,https:gorillasports.com.au,https:gourmetoutlet.dk
49,https:vtmerch.com,https:milliondollartan.com,https:hornslethshop.com,https:makersleathersupplyaustralia.com.au,https:shoearray.com,https:thelabyrinthsgate.com,https:electricscootershop.co.nz,https:hairlissy.com,https:bedstemaerkerdanmark.com,https:fivedollarteeshirts.com,https:artwellandco.com,https:greenshoponline.com.au,https:kandypack.com,https:capture.com,https:blakeandbanbury.com,https:lostcenter.com.br,https:mirthstudio.com,https:mod-bikes.com,https:saucebeauty.com,https:godterikongen.no,https:littlepeanuts.co.nz,https:1moreuk.co.uk,https:whatthesoap.com,https:saveurvape.com,https:veno-scorp.co.uk,https:basenz.com,https:cheero.shop,https:beehivesoap.com,https:keychron.de,https:ilabb.com,https:zeebrakids.com,https:pasnormalstudios.com,https:ma-peluche-calin.fr,https:maisonbroussaud.fr,https:universaltextiles.com.au,https:jasminebeane.com,https:homeremediesmaine.com,https:nooshdecor.com,https:maxoak.net,https:zcrave.com,https:guangsfreshmart.com,https:lacelaboratory.com,https:vividworkwear.com.au,https:gallerydept.com,https:lonelydrivers.com,https:broesli.shop,https:cattirestudio.com,https:malpaper.com,https:fasforartssake.com,https:notchgear.com,https:ndepata.com,https:smartgear.au,https:rani.com.tr,https:govita.com.au,https:ilsejacobsen.dk
