,5497,4657,2782,4241,4312,210,7956,3832,4532,2747,7006,2379,1174,2388,845,5278,6698,6730,1115,6799,3852,6223,3626,5675,539,882,4713,5927,7485,907,3317,7491,7055,293,3491,2888,7148,2161,5092,5094,5643,1983,4256,5812,8032,2453,5631,2679,3338,6394,1721,1893,4650,2960,784,7694,3076,4830,3677,6986
0,https:bossmanbrand.com,https:trooss.ru,https:reuse2wear.dk,https:harmony.co,https:coffeeza.com,https:singareas.com,https:shoponeof.com,https:eruditecollections.us,https:bigfacebrand.com,https:exfolix.com,https:cloudnola.com,https:smokeemporium.com.au,https:micheletaugustin.us,https:fattyfog.com,https:galianoinn.com,https:marketingbyemma.com,https:myfavoritepal.com,https:heyseeodyssey.com,https:tdstrade.com,https:itwasfrom.com,https:1ashop.gr,https:rauscoffee.com,https:we-supply.com,https:brickmarketboutique.com,https:hansenspoolandspa.com,https:roomtonic.com,https:grillholz24.de,https:maroelawinkel.co.za,https:onlyartisan.com,https:consistentclothing.com.co,https:shopkanso.com,https:alanagah.com,https:pony-o.co.uk,https:frogfuel.com,https:jewlerystar.com,https:oldfashionedgourmet.com,https:beachcombingmagazine.com,https:elegantatelier.com,https:lakhay.com,https:kinayafarms.com,https:minifanx.com,https:giopendant.com,https:spikeinterior.shop,https:meridiancrest.com,https:lavieenrosecards.com,https:amanzidesign.com,https:creativelinkcc.com,https:afterstore.com.br,https:myposturereflex.com,https:marketingfoodonline.com,https:brightonsewingcentre.co.uk,https:caioswim.com.au,https:gotgeniusgames.com,https:ekoah.store,https:petitsgenoux.com,https:hathenbruck.com,https:purality.com,https:flawlessskin.me,https:shopluxecartel.com,https:noslipstrip.com
1,https:minali.cl,https:katcatzshop.com,https:lariatt.com,https:terravitacbd.com,https:thinkpet.com,https:smartcleaneg.com,https:cocoonshapewear.com,https:shopgreentoday.com,https:jewelca.com,https:azhatattoos.com,https:silver-online.com,https:sportue.com,https:cipherauto.com,https:love-dn.com,https:go-dynergy.com,https:eswsupply.com,https:tuyo.nyc,https:justatclick.com,https:porttanger.com,https:dejavuresale.com,https:theecomacademy.com,https:bioactivate.com,https:alquinns.com,https:bossymart.store,https:cozykids.gr,https:bearingtech.co.uk,https:vogoagency.com,https:seteditions.com,https:minnieschinchillas.com,https:licorcash.es,https:amaze-brand.com,https:kagaoptics.com,https:carebar.com,https:frontierblades.com,https:superswords.com,https:jadesky.co.nz,https:leggingsuperstore.com,https:hellokittysquishmallow.shop,https:imdope.shop,https:rubyrye.com,https:jeyanarrative.com,https:bredark.com,https:haberliving.com,https:naturopathherbals.com,https:yuvalnaturals.com,https:koalaprint.com,https:steadyclothing.com,https:azeron.co,https:mimililandco.com.au,https:makevana.com.au,https:ithadtobetold.com,https:unepiece.com,https:printswearshop.com,https:shopspryy.com,https:pinsa-base.es,https:pupnpussy.com.au,https:wheresafe.com,https:sundaysingles.com.au,https:shopoffaxis.com,https:jasonmarkk.ca
2,https:upaupatahiti.com,https:luxfitt.com,https:clara-camila.de,https:thatsavintage.com.au,https:sideeffectsupport.com,https:snackshackdrivethru.com,https:hippypits.com,https:venusvinyl.com,https:gymbeastclothing.com,https:loleiaswim.com,https:barcode-scanners.com.au,https:theproductmill.com,https:heybuddyheypal.com,https:gamecarries.net,https:familytreechart.com,https:acuriousape.com,https:themrvin.com,https:healthypcos-us.com,https:forevercupidjewelry.com,https:shredcare.com,https:myvacas.com,https:glassy-store.com,https:winallday.com,https:psproviders.com,https:365customprinting.com,https:cilantro.cafe,https:montaignemarket.com,https:redtronic.co.uk,https:avajocosmetics.com,https:blueisland.in,https:circonomy.com.au,https:horizonskye.com,https:casafleur.in,https:frownies.com,https:bre.co,https:shoppuppyloves.com,https:damiansfabrics.com,https:makingblank.com,https:tgalaxy-okoboji.com,https:hunde-b√ºrste.de,https:fabrico.pk,https:hardcore-brands.com,https:spencercoutureart.com,https:callie.fit,https:silitray.com,https:toobsdistribution.com,https:boldstandard.com,https:mexlatin.net,https:lafort.com.br,https:health-house.com,https:adonacopenhagen.com,https:stcollexion.com,https:movilockers.cl,https:coldcultureworldwide.com,https:delhikicks.in,https:stickybottle.com.au,https:peppershoes.com.au,https:fernbaughs.com,https:byruby.co.uk,https:alltrueist.com
3,https:caliberfze.com,https:computerauthoritystores.com,https:lepetitelefant.com,https:drsobelskinrx.com,https:eatbobos.com,https:talagold.ae,https:vanyaherbal.com,https:gameshop.sg,https:honwinmall.com,https:oneoffer.co,https:wonderminiature.com,https:c-fix-downlighter.com,https:calleostar.com,https:fitmood.it,https:lekz55.com,https:freshblooms.ca,https:lorislovelies.com,https:webbyagility.com,https:sun50.co,https:rapnieuwstv.com,https:burzka.com,https:cantbuyrespect.com,https:petitnordiqueboutique.com,https:sukhilife.in,https:carstenboyd.com,https:homeland.mv,https:themensjewelrystore.com,https:wye-design.com,https:sideponwedding.com,https:makersloft.co,https:catbirdbaby.com,https:shopeonline.com,https:aquagallery.com,https:fruitionchocolateworks.com,https:splendorofflorence.com,https:barcloset.com,https:lavishspecs.com,https:muttermode.com,https:raytecaudio.com,https:canoeandkayakstore.co.uk,https:fornopiombo.com,https:redonewax.com,https:gingersjewelry.com,https:sunnysunglasses.com,https:naber-farben.de,https:wittytail.com,https:snipe.shop,https:high-feels.com,https:kidspor.com,https:jonnysprockets.com.au,https:herzstueckdeko.de,https:buymevip.com,https:beautyswim.com,https:theugliest.net,https:zadinh.com,https:le-cowboy.com,https:tabbyroo.com,https:purplecactuslingerie.ca,https:fairfaxstreetwear.com,https:amelhorloja.online
4,https:awesometik.com,https:deviceone.gr,https:sexyskinz.com,https:sheekoiyoshaah.com,https:legiontrend.com,https:tattly.com,https:chakrapractice.com,https:www.copituk.co.uk,https:coopersdogtreats.com,https:senro.shop,https:monkeybidouille.com,https:alliciante.co,https:bertandbuoy.com,https:blingblowout.com,https:decorposh.com,https:kollectionk.com,https:prasthaan.in,https:favorshandicraft.com,https:choicecomputertechnologies.com,https:atomtoz.com,https:sevenbliss.mx,https:kizzies.uk,https:baeo.com,https:thebombhole.com,https:polgapoleyoga.com,https:zonumgold.com,https:firefighter.com,https:kathleenphamstore.com,https:rcraig.org,https:pents.jp,https:lumineofficial.com,https:morningragecoffee.com,https:hijabulhareem.com,https:fshnstogo.com,https:wristbend.com,https:mau5hop.com,https:sorsoap.com,https:neverlosehope.shop,https:silktrader.com.au,https:richardmind.com,https:2xist.com,https:auravu.com,https:darbybaby.com.au,https:cloudninehair.de,https:artstoryonline.com,https:shiborionline.com,https:nicotinepicks.com,https:deakudibal.dk,https:whiskeyinkandlace.com,https:inkish.net,https:beradesign.com,https:thierryrabotin.us,https:meesogood.com,https:brawpaperco.com.au,https:nicheinkitchen.com,https:euphonium.com,https:cardiffskateboardclub.com,https:nereus.uk,https:tokendab.com,https:karigarijewellery.com
5,https:vitalthings.in,https:freshmeatpacksnorthwest.com,https:greenhilldeutschland.com,https:yugavi.com,https:lazyassbikers.com,https:vape-shop-dubai.net,https:elementsbyremedy.com,https:mokaipaws.com,https:bachpanclothing.com,https:smartiq.se,https:gotshirtscy.com,https:efeuniverse.com,https:violascarlett.com,https:farmgateconnections.com,https:midwestdisplays.co.uk,https:discountstore.ug,https:podcastoutfitters.com,https:memyzo.com,https:northwestliquidations.com,https:sabrinaslnyc.com,https:veredacentral.ca,https:fossiloutdoor.com,https:oddgoods.store,https:fanstree.com,https:mcd-vcdwine.online,https:hackthebox.store,https:weirdape.co.uk,https:zizowireless.com,https:drskinfeed.com,https:lilytreacy.com,https:foxbackdrop.com,https:fadefit.com,https:xbykygo.com,https:fubu.com,https:pbhyla.com.mx,https:magnamaya.com,https:mycrystalapothecary.com,https:weekendbee.fi,https:plus.gent,https:artfordoctors.com,https:areawild.com,https:mariesglutenfree.com,https:mybodynsoul.com,https:rex.haus,https:nordic.pl,https:chameleoncuttables.com,https:islandliving.sg,https:cosauniform.com,https:moonspecs.com,https:radswan.com,https:apcardgrading.com,https:edelstnice.de,https:toyworldbendigo.com.au,https:repairtroop.com,https:sulifemall.com,https:thehouseofpearls.com,https:999automotive.com.au,https:leonisa.mx,https:missscarlettboutique.com,https:sandandbliss.com
6,https:jeanfontan.com,https:orchardcountrystore.com,https:barbertakeover.net,https:noussytoys.nl,https:nukebbq.com,https:vapourdirect.ae,https:ora-shop.fr,https:pnwcookies.com,https:readytoridequestrian.com,https:vitagirlsa.co.za,https:charleyboutique.com,https:bratpup.com,https:sundaebody.com,https:iwaitedforyou.net,https:ikonitaly.com,https:artwille.us,https:sarahthawer.com,https:loveandluxesf.com,https:peggy.com.au,https:igridstore.com,https:anthillshop.com,https:saintchic.com,https:chicpipsqueak.com,https:manaiacraftbrewers.co.nz,https:lartthebrand.com,https:camorra.gr,https:therosegarden.shop,https:teckwrapusa.com,https:infinity-quartz.com,https:lndr.us,https:lilliesboutique.us,https:shopcopperfit.com,https:ilpersona.com,https:fujisports.com,https:mykirei.com,https:waldent.com,https:madeleathercompany.com,https:heartandsoulhernebay.com,https:maisonmara.co.za,https:chabacano.mx,https:badaboom-studio.com,https:hooperbolton.co.uk,https:nestine.com,https:moonshinewoodandsteel.com,https:frescaskin.co.jp,https:bauerfeind-sports.mo,https:stringglobe.com,https:themarathonclothing.com,https:the-fashion-paradox.com,https:amazoccer.com,https:ecozoom.com,https:greatestgeek.com,https:snowdropbrands.com,https:thatshop.com.au,https:renovate-mag.com,https:linia.com,https:theinkroom.com.sg,https:urbancapacetes.com,https:thesmartbud.com,https:mycamcollections.com
7,https:sacredspiritrelics.com,https:curioscity.store,https:graydayshop.com,https:freshiel.com,https:dentcyc.com,https:volantaroma.com,https:miracleinthegreen.com,https:bellasfinejewelers.com,https:crossfacegear.com,https:kmts.co.za,https:100akres.com,https:animegirlpropaganda.com,https:duradry.com,https:topkingsigns.com,https:homeolabshop.com,https:dasvie.com,https:gulieshop.it,https:bestitchedneedlepointshop.com,https:cornerstonespa.com,https:inspired-design.com.au,https:mujhawarat.com,https:vinodpatel.com.fj,https:malinisfactory.com,https:pettom.com,https:mukayimotoys.com,https:aztechinnovations.com.au,https:rankajewellers.in,https:purebodyathleisure.com,https:thesugarberry.com,https:adsgn.se,https:movinka.com.au,https:kyklosproject.com,https:jasthiclothing.com,https:fulcompany.com,https:emblemeparfums.com,https:annapookie.com,https:copancares.org,https:frontlineformulations.com,https:mailordertrees.co.uk,https:supernerds.no,https:goldtonecoffee.com,https:soleilashes.com,https:ugarit-verlag.com,https:janosanitary.com,https:glory4all.com,https:bakdoortreatz.com,https:goblingaming.co.uk,https:tramoresurfshop.com,https:gamecool.io,https:www.huddi.com,https:tomahawk-power.com,https:riseandshopp.com,https:mooncraftedessentials.com,https:ragyn.com,https:thepoultrycoop.com,https:fairhopefarmhouse.com,https:cinks-labs.de,https:fishermanscrafts.com,https:shoppy.co.il,https:gopmall.com
8,https:sugarjoy.com,https:elegens.com,https:theluxuryklozett.com,https:yildizrugs.com,https:curatestore.com.au,https:badmintonhq.co.uk,https:biotherapeuticspa.com,https:amecigars.com,https:pale-violet.com,https:ekendahls.com,https:lukebattiloro.com,https:inovetendencia.com,https:stcroixrods.com,https:greenwealthuk.com,https:radiatornow.com,https:shopskytek.com,https:campbellcameras.com,https:novacoo.com,https:shopsoulrebel.com,https:lagenlookclothinguk.co.uk,https:sweetycon.com,https:greenfan.cl,https:nopayndesigns.com,https:orenshop.in,https:trdng.shop,https:evoqbeauty.com,https:punkcase.eu,https:180fitnessaccessories.com,https:therapyshoes.com.au,https:oldshanghaionline.com,https:librahealth-cbd.co.uk,https:neat-burger.com,https:inferoma.com,https:fullfactorydistro.com,https:coingaffs.com,https:www.brickgrip.com,https:delmare.co.jp,https:foothillsfarmandart.org,https:kff-shopping.com,https:unclecharliescheesecake.com,https:retrosuperfuture.com.mx,https:taste.sg,https:nordicwools.com,https:topfoxsnacks.com,https:bohemianloverunway.com.au,https:winterlandboutique.com,https:briutcare.com,https:xactivfitness.com,https:zulinu.com,https:revivalrootsnursery.com,https:acmeaura.co,https:donvassiedecanters.com,https:bestzeta.com,https:sankoreafrica.com,https:vampa.net,https:minaromina.com,https:savvyandsorted.com,https:airgasoutlet.com,https:frezels.be,https:muku.com.au
9,https:instant-famous.com,https:vastvalley.co,https:lifebiteshop.com,https:thevaluestorehq.com,https:feetsutra.com,https:debonarwatches.com,https:tropicalshades.ca,https:lilbugclothing.com,https:mammasmilkbar.com,https:thelabelhome.com,https:shalmanac.com,https:motopartshop.com,https:badgeslide.com,https:thepotluckclubny.com,https:twistgear.shop,https:vapevetstore.com,https:pearlbarshop.com,https:fortnightlingerie.com,https:drklugel.com,https:humaneorganics.com,https:geistlebt.com,https:bellavado.com,https:caveleather.co,https:moosebicycle.com,https:fishingbuddy.co,https:maisonetvide.com,https:secretmattress.com,https:osmanlikahvecisi.com,https:melaniegraceboutique.com,https:bricktanks.co.uk,https:bakerandolive.com,https:zerowastebulkfoods.co.uk,https:messorri.com,https:fullleafteacompany.com,https:sarahmarie.run,https:baila-tech.com,https:aspirebychoke.com,https:opolisstudio.com,https:acpcs.co.uk,https:talonport.com,https:chibisanime.com,https:shacerlin.com,https:greenhousefoods.com,https:nauticalluxuries.com,https:alexismattoxdesign.com,https:ampeak.com,https:infiniteaoriginals.com,https:codymillerswim.com,https:proweststone.ro,https:theoriginals.pk,https:dinnerdecor.com,https:yuethelabel.com.au,https:skiburger.com,https:betterbathbetterbody.com,https:chalkygecko.com,https:tetherjewelry.com,https:comfortti.hu,https:bravocadosbistro.ca,https:paradox.shop,https:mrlicencias.com
10,https:omneque.com,https:vijuve.com,https:switzerssweets.com,https:huru.rocks,https:vigilanceelite.com,https:drakerelated.com,https:lektro.lt,https:blossomandnectar.co.uk,https:cobblestone-living.com,https:storeindus.com,https:saboreandocr.com,https:getbatsu.com,https:ucxx.co,https:fashph.com,https:mattelashes.com,https:volarismusic.com.au,https:bikeforcemorley.com.au,https:abitibico.com,https:draaz.co.in,https:thegiftofscent.com,https:posters.ae,https:rustictown.com,https:keyoandco.com,https:pouchpost.com,https:ovenfreshbakes.com,https:encorebrand.com,https:barollo.com,https:stevensfarm.com,https:tokyomarket.ph,https:autocorner.com.ec,https:picbartprints.com,https:shechubby.com,https:valdali.com,https:fultonandroark.com,https:wubenlight.com,https:awn24.fr,https:gotoness.com,https:thetitkit.com,https:jerseywala.com,https:japanesegreentea.in,https:bonbon.ooo,https:travelfreakgst.com,https:ostomybagholder.com,https:beautygetjoy.de,https:boujeebaeboutique.com,https:voyourself.com,https:fresh-peaches.com,https:bigals.co.nz,https:unified4adventure.com,https:lesdemoisellesdeplume.fr,https:chichiwholesale.com,https:modestycollection.com.au,https:fikosounds.com,https:katslabs.com,https:saisea.com,https:trybeautybreeze.com,https:plenavita.co.uk,https:openthejoy.com,https:shopzigzagstripe.com,https:tamarelo.com
11,https:poupon-entourisme.com,https:alltimedecor.com,https:luckydressy.com,https:coreebyjoo.com,https:caylagray.com,https:emako.pl,https:pottybuddy.co,https:cypresssloughoutfitters.com,https:natickoutdoorstore.com,https:alondrababy.com,https:vaxthusetlinds.se,https:swurlyco.com,https:frontporchcandlesupply.com,https:rachelrothjewelry.com,https:ourgeneration.com.au,https:metalsomeart.com,https:higherpower.biz,https:piddix.com,https:tee-fee.de,https:fortech.ma,https:soulfuldesignbylisa.com,https:sosoutils.com,https:tonicooks.com,https:flavoursymphonies.com,https:glazeandgordon.com,https:secufy-sos.com,https:goldlushbeauty.com,https:lilacclothing.com,https:porchfly.com,https:clydebuiltfitness.co.uk,https:hometoner.com,https:firtech.de,https:minustags.com,https:fultonfishmarket.com,https:allwheelsmobility.com,https:gymaesthetics.com,https:wobmart.io,https:fantastiskefroe.dk,https:carrielynns.com,https:thegentsrealm.com.au,https:shopiamlunasol.com,https:modernbobbleheads.com,https:cosybloom.com,https:northernblanks.ca,https:knowledgeneck.com,https:oformigueiro.com.br,https:ricoh-imaging.at,https:mint15.com,https:changesclinic.co.uk,https:dynamicmotorcycleaccessories.com,https:excithingdaily.com,https:genuinehealth.com,https:standupdeskdirect.com,https:sharpjewelers.com,https:pranaheart.com,https:fstubbs.com,https:avionjackets.com,https:joelwarren.shop,https:kabare.se,https:balihomefurnishings.com.au
12,https:lumecluster.com,https:starlawines.com,https:daisyeco.com,https:pinchandfold.co.uk,https:barjuicevape.com,https:goaloffame.com,https:omninela.co.za,https:silai-kadhai.com,https:yarravalleycycles.com,https:pegasussportsshop.com,https:tabernaclebookshop.org,https:poster-finds.com,https:outdoorsoriented.com,https:yoloboard.com,https:snowspeeders.com,https:jlm.dk,https:multiformulas.com.br,https:freelifeco.net,https:elitebike.fi,https:boobwoo.com,https:tanager.store,https:planthouse.co.nz,https:official800x.com,https:lafloriahomedecor.com,https:nextdeal.com.au,https:lesliemehlart.com,https:strapquest.com,https:snewjfit.com,https:hiyaku-inc.com,https:aimn.fi,https:troyleedesigns.ca,https:battlegeartoys.com,https:nuebiome.com,https:fungially.com,https:procamptekusa.com,https:spocampsports.com,https:thegreataustraliansqueeze.shop,https:benkert.shop,https:mysteeknaturals.com,https:fabuart.com,https:thelittletouches.com,https:barkgoods.com,https:animalstone.com,https:jeys.co.uk,https:jewelryoem.com,https:bankygirlcreations.com,https:pickedtlh.com,https:unitycandleco.com.au,https:fawnlilybotanica.com,https:cammellatte.com,https:catchindeers.com,https:saltwaterdesignsnl.com,https:fystores.com,https:goldstarbeauty.com,https:pressonrecords.com,https:glowingplanets.com,https:premiummassagerstore.com,https:fallgreenlawn.com,https:charlidamelio.com,https:kashmirbox.com
13,https:cupsnmore.com,https:unidragon.com,https:blacblak.com,https:jamclothing.co.za,https:meowmerchants.com,https:izikuchnie.pl,https:decentpackaging.co.nz,https:maskclub.jp,https:shopfluff.com,https:yamborghini.shop,https:caseland.pl,https:birdload.com,https:ruutedhairco.com,https:poshgoth.com,https:3090stock.com,https:beadsandhoney.com,https:goldengate.mv,https:dazzleme.com.au,https:shopeverylastdetail.com,https:travelsimple.com,https:sixbysix.in,https:fitscrubs.com,https:crookedsurf.com,https:repurposeddesignerjewelry.com,https:majesticwolftraders.com,https:onnanoko.co,https:thegoodlovinbar.com,https:lewisfurnitureco.com,https:fabfoodcart.com,https:twinklingtree.co.uk,https:ecumann.com,https:franceconfiance.com,https:retroliciousbrand.com,https:funkesmarket.com,https:signify-store.com,https:foodequipmentdirect.com,https:luckygolf.com,https:ivscanada.ca,https:driventoys.com.au,https:kartsandparts.co.nz,https:cuffsthatinspire.com,https:trapunto.ca,https:medsensemassagers.com,https:awesomesea.com,https:wearenewlane.com,https:spicychocohk.com,https:bai.com.uy,https:nibbana.com.au,https:santuzzajewelry.com,https:ameenrihani.org,https:lamariole.com,https:galaxyhobbystore.com,https:latiendadelapiel.com,https:cartruckdiagnostictools.co.uk,https:emporiodeofertas.com,https:ftgu.store,https:hushbubbles.com,https:sangereyeclinic.ca,https:dolcedietshop.com,https:tethrco.com
14,https:fig-a.com,https:aweswim.com.au,https:vogana.es,https:3dingo.com,https:taylorpasshoney.co.nz,https:leatherglovesonline.com,https:easychoirmusic.com,https:casioak-architect.com,https:happycooking.hk,https:viewmore.in,https:parenting-practices.com,https:ouibella.com,https:marshalls-seeds.co.uk,https:lior-alishad.com,https:clesandco.com,https:saunaspace.com,https:skunklabshop.com,https:arcadeworks.net,https:outline-editions.co.uk,https:smoqueshack.com,https:besimple.shop,https:baggedbyebony.com,https:metalpaw.com,https:finefilms.co.jp,https:linoveofertas.com,https:wheelscience.com,https:glowyfaces.com,https:humidorenthusiast.com,https:salecanada.ca,https:mimetikbcn.com,https:billionroses.eu,https:lemontreechina.com,https:koffiediscounter.nl,https:funnelwebfilterusa.com,https:honymow.com,https:bonnieandkind.com.au,https:trakkayaks.com,https:byjema.se,https:ltmarineproducts.com,https:pursuefitlife.com,https:store-things.com,https:zipyhoodie.shop,https:felicitybaby.com,https:codysmovinggroup.com,https:lovelytu.com,https:betckey.com,https:lillakai.com,https:suitculture.co.uk,https:lovenightshift.com.au,https:zenlusso.com,https:proudpatriot.com,https:taqadaw.com,https:muaythaicombat.it,https:ghosttowncoffee.com,https:mylittleecoshop.com,https:eannine.com,https:downtherabbitholewines.com.au,https:rmuoutdoors.com,https:oliodialessandro.com,https:dyaorou.com
15,https:softcosts.com.au,https:niyama-wellness.ca,https:mycurlytemple.com,https:askvc.com,https:caddiebike.com,https:nenaandpasadena.com,https:getdressedla.com,https:lamaisondesbijoux.fr,https:statik.store,https:carscoinc.com,https:senseofpiece.com,https:easegem.com,https:secretofmedusa.com,https:hangaronekits.com,https:jadoregifts.com.au,https:worldpossible.org,https:sworntous.com,https:simpalboutique.com,https:mongermarche.com,https:youfromme.com,https:streborsbathnbody.com,https:4life-transferfactor.com,https:dahlepapershredders.com,https:hirschmusic.com,https:lisprime.com.br,https:homeloft.se,https:bellavie-shop.com,https:bugeyeguyparts.com,https:evxocosmetics.com,https:panasonicbtc.com,https:terrasaleltd.com,https:delivermycart.com,https:lowestpricecontacts.com,https:funtastikonline.com,https:stoko.ca,https:bicirentcr.com,https:spearsfurnishing.com,https:geologiecosmetics.com,https:detoxyhealth.com,https:crate.ca,https:warrioraustralia.com.au,https:kikisnation.com,https:laratweedie.com.au,https:renzoebox.com,https:ferry-morse.com,https:inspyreboutique.com,https:bicyclecollective.org,https:elmcrafts.com,https:lesdiy.de,https:wilsfabrik.com,https:bunnypup.com,https:getkanban.com,https:mellowclimbing.com,https:healthsupplements.com.sg,https:prestonzly.com,https:bolpianos.nl,https:breadandbutter.academy,https:thebohobasement.com,https:ifesolox.com,https:wolf-books.com
16,https:realitone.com,https:linenwoman.com,https:peelorange.com,https:fnpresentes.com,https:wearascough.com,https:slushthemagazine.com,https:to112.com,https:theoriginalstretchlace.com,https:cityfurnitureshop.com,https:mode-outlet.store,https:visionvideoband.com,https:dieteefy.com,https:boutiquefdb.com,https:cordlesshairtrimmers.com,https:indicaclothing.com,https:urbancoffee.dk,https:sanove.com,https:sashaaworld.com,https:dutchmansgold.com,https:pamperedglamour.com,https:jeste.co,https:polkadotpots.com,https:atouchofcountry.com.au,https:morievent.com,https:iklboutique.com,https:aviatorwallet.com,https:devlinsonline.com.au,https:sneakerslotdrop.com,https:alrad.co.uk,https:saltandlightcrystals.com,https:lojarivieraman.com,https:lesconfectionslili.ca,https:thenutrihub.in,https:furgift.com,https:twistedthread.co.nz,https:delomo.com,https:happymarley.com,https:hollylane.com,https:horowitzfreedomcenterstore.org,https:aniahaie.com.au,https:gibsgrooming.com,https:purlsohu.com,https:sknlife.com.au,https:hamuq.com,https:jusalpha-usa.com,https:demoestuinwinkel.nl,https:austinstjohn.biz,https:kaptainpanda.com,https:realcereal.com,https:epkrd.com,https:harperandjewels.com,https:maisonalsalam.ca,https:hollowheartapparel.com,https:adaptnaturals.com,https:pretavoir.us,https:basico.com,https:uwujewelry.com,https:ishka.com,https:annettefortt.com,https:wowsfun.com
17,https:braceint.com,https:yllobeauty.com,https:pettincare.com,https:narfar.com,https:deskpi.com,https:theomnidesk.com,https:ourlifestore.com,https:chicchibymarigold.com,https:coollifelivin.com,https:easypools4you.com,https:sparkpod.com,https:animalsaces.com,https:memsahib-collections.com,https:designedbyara.com,https:coziashop.com,https:firelipscosmetics.com,https:northamericanart.com,https:wallstickers4you.com,https:shopflutter.com,https:ouedknissdz.com,https:hannahlavery.co.za,https:1deebrand.com,https:cocoflamingo.mx,https:nlehealthandwellness.com,https:alphastatefitness.com,https:sexybeastdogcollars.com,https:momarsh.com,https:culturelle.co.uk,https:ufinefitness.com,https:mr-magazine.com,https:mixon.nl,https:47ronin.co,https:wirelesselectronics.org,https:furhaven.com,https:securecloudservicesinc.com,https:lovemyfaith.co,https:noplansnyc.com,https:americanfireapparel.net,https:kingdukes.com,https:exclusiveautodetailingmilano.com,https:casecue.in,https:nutroz.com,https:tinysam.com,https:billyjoelshop.com,https:wah-laah.com,https:revogue.com,https:nhcolumn.com,https:izenutrition.com,https:mygutgarden.com,https:evenipacific.co.nz,https:kristenskreativetouch.com,https:bluetreearoma.com,https:ofertanto.com,https:playdaysco.com.au,https:twicenice.in,https:cubanvault.com,https:lullabylane.com,https:sinismall.com,https:rejdrons.com,https:maisonzeido.com
18,https:americanschoolfoundation.org,https:vennebyen.no,https:plorscrunchies.com,https:mdd-europe.com,https:obernize.com,https:alpinehearingprotection.com,https:ow-watch.ch,https:milanimal.com,https:ozbeads.com,https:thejplstore.com,https:dealsy.net,https:reginamartyrumproductions.com,https:dudettedot.com,https:mayzones.com,https:fourstrokeroma.com,https:idytf.shop,https:vedgeco.com,https:puraparcha.com,https:joyita.com.au,https:idme.ie,https:adler-tech.de,https:osuzcville.com,https:randomspacemedia.com,https:getclubs.com,https:lovestoryboutique.com,https:teesforhumanity.com,https:soeldancewear.com,https:ryoservice.com,https:workittowels.com,https:bebeandboo.com,https:perfectpetchews.com,https:jolchaya.com,https:organicfarmsvitamins.com,https:fusereel.com,https:loveyouall.co.uk,https:teacottage.com.sg,https:blazepod.co.il,https:coolangelco.com,https:bathandbodysupply.com,https:vanitychic.com.au,https:little6creations.com,https:awarewolfstore.com,https:shopwlg.com,https:linearcollection.com,https:turningthetides.ca,https:realrawhaircare.com,https:beamerboyz.shop,https:twelvebd.com,https:staceysurf.com,https:superegg.nyc,https:molleni.com,https:thelegendarybrand.com,https:woodabu.com,https:zoeand.co,https:superlovecookies.com,https:crystallambience.com,https:dropofmindfulness.se,https:vintagebarn.store,https:bixie.com.au,https:buttercandle.co
19,https:aliaspet.com,https:kiwikidsppe.co.nz,https:ilhamherry.com,https:hurricaneshaker.com,https:eatcampogrande.com,https:siberiahills.eu,https:simply-herbal.com,https:vitazo.de,https:azanora.com,https:vavbe.com,https:diewithyourbootson.shop,https:lisacarneydesign.com,https:allotmentstore.com,https:pavedtopines.com,https:hairtecsolutions.com,https:klitmollercollective.com,https:freshnest.com,https:calmandconfidence.com,https:endurancetap.com,https:vintagewear.no,https:annahislophome.com,https:brandstand.com.au,https:blaekstore.com,https:qmadix.com,https:atelier-emma-chloe.fr,https:bm-unlimited.com,https:zikhome.it,https:missmaddy.shop,https:neradatea.com.au,https:bonowellness.com,https:lazkanibeauty.com,https:luckybling.com,https:brieflyblunt.com,https:futabahayashi.com,https:drinkcoolcat.com,https:ecmlabel.com,https:tovami.com,https:runninwildfoods.com,https:360spinners.com,https:ellieandash.com,https:kamili.fr,https:tangochilesauce.com,https:aolaikingdom.com,https:haloderm.com,https:halliganbottleopeners.com,https:sockslovely.com,https:momtastica.es,https:petfed.pet,https:shaantam.com,https:distorbera.com,https:thereversedsoul.com,https:cloney.co,https:beinstate.com,https:descendantofthieves.com,https:viewyourdeal-butterlondon.com,https:furbabeez.com,https:maxotaraw.com,https:vikingtelecomsolutions.com,https:simplepinshop.com,https:hairproducts.com.au
20,https:lylemartinjr.com,https:zaleydesigns.com,https:cerebellum.co,https:mebelpartner.net,https:truliwetsuits.com,https:abbycart.com,https:tidletots.com,https:sportantz.com,https:agrisellex.co.uk,https:wickedhippie.com,https:altaf.store,https:amazingbreath.com,https:rslides.com,https:aokingbags.com,https:baydrinksgroup.co.uk,https:soulperch.com,https:jtsbbqrub.com,https:preciousmemories.io,https:shopgabrielles.com,https:kisoils.com,https:freshtastics.com,https:salientbeauty.com,https:cuvees.com,https:airfreshenersaustralia.com.au,https:mofercoffee.com,https:lighthousekeeperspantry.com,https:snappibaby.com,https:colorwhirlclothing.com,https:anthromancer.com,https:alldaygoods.co.uk,https:shavewithfavy.com,https:theredpaw.com,https:vocellino.com,https:fysetc.com,https:hot-chip.co.uk,https:tallysapparel.com,https:unlimitedbezels.com,https:hitchdtheshoe.com,https:alywillow.com,https:oregonbrineworks.com,https:willowandgracedesigns.com,https:pinksolution.ca,https:elemo.fr,https:viciadasemmaquiagem.com,https:peacefulwoodenpuzzles.com,https:safe-shield.eu,https:elysiumnaturals.com,https:tactipretty.com,https:body-shaper.co.uk,https:yogaincshop.com,https:futuresticks.com,https:jamesnewmanjewellery.co.uk,https:2ndwind.com,https:malcolmroyce.com,https:chatham.com,https:christmasstoresmithfield.com,https:wohndecodesign.de,https:corclothes.com,https:aleisters.com,https:ecoterrabeds.com
21,https:thebodsociety.com.au,https:daughterofjon.com,https:plxsmoke.com,https:pipandwillow.com.au,https:thebeachbridebychic.com,https:alluremagic.com,https:pynknovember.com,https:staix.co,https:polarspex.com,https:thingstock.jp,https:wolfstore.us,https:lexandmotherhoodboutique.com,https:myecomorrow.com,https:virginhaircloset.com,https:eilisra.com,https:neoprotectfrance.fr,https:myfauxset.com,https:shopilya.com,https:sneakercycle.com,https:opulenceclothing.ca,https:firefoxtoys.com,https:coolfiy.com,https:hershey.hk,https:wantanewgadget.co.uk,https:esntlsmall.in,https:lightmybricks.com.au,https:theescooterco.eu,https:guidelondon.co.uk,https:asiamuebles.com,https:mushpuffs.com,https:moderntally.com,https:gooddeedsdesigns.com,https:ufredbookstore.ca,https:g2esports.com,https:iyalindia.com,https:menason.com,https:shopoxb.com,https:zenapan.com,https:flatoutfriday.com,https:greatdealscorp.com,https:estudiostar.com,https:izsilver.com,https:greystonetea.com,https:thehappylittlepillcompany.com,https:ittybittybaby.com,https:candycoatedcurls.com,https:hiro-and-wolf.com,https:worldofsenses.ch,https:indigopolka.com,https:londonlovesbeauty.com,https:japanelectronics.com.pk,https:sunshineboulevard.in,https:magnificentquilt.com,https:shopcaseyneistat.com,https:misfits.store,https:weapons-of-ass-destruction.com,https:fitnites.com,https:studiosignet.com,https:mybitsignal.com,https:escapade.com.hk
22,https:namedropperkids.com,https:volusol.com,https:sunset-pta.org,https:murkani.com.au,https:dealercity.com,https:alongcamequilting.com,https:isstamp.com,https:acrdatasolutions.com,https:shanndonscreations.com,https:bethatgirluk.com,https:carenproducts.com,https:thewonderbagshop.com,https:luckycatyarns.com,https:eliteabar.com,https:soccer-paradise.com,https:hopeful-gadgets.com,https:shopbrainchill.com,https:heyvalleygirl.com,https:idecorwala.com,https:cacoonhome.com,https:ikcclassicafricanfashion.com,https:medicetics.com,https:cloude33.com,https:mostsuit.com,https:pampa.com.au,https:reallygoodpetsshop.com,https:dewaltmobilelock.com,https:lovepalace.co.uk,https:little-dreams.co.uk,https:bluetea.co.in,https:hahnemannskoekken.com,https:horizon-brands.com,https:londonlash.fr,https:gabrielcosmeticsinc.com,https:ctoms.ca,https:hometreasureshub.com,https:shopmercimilo.com,https:adventures-pro.at,https:takaokaya-kyoto.com,https:savoytea.com,https:familypaws.co.nz,https:givenfashion.com,https:humbleglow.com,https:muzebydaviddrake.com,https:evelom.co.uk,https:brazenstudio.co,https:rbsyamaha.co.za,https:giobikes.com,https:kadopa.nl,https:theaugustco.com,https:glamzkart.com,https:lescomfy.com.br,https:oclodesigns.com,https:usblanks.net,https:primedrivendaily.com,https:foreverconnects.com,https:espresso.ly,https:flavelia.com,https:hsskincare.com,https:gardenalchemyseeds.ca
23,https:exchangebetter.com,https:blakowtboutique.com,https:mix-n-matcha.com,https:atmpacks.com,https:trulyaesthetic.com,https:amazinghairsaviour.com,https:ficksmusic.com,https:icedicedbaby.com,https:chandeliershop.com.au,https:q-swetch.de,https:boyinspace.com,https:thedottyzebra.co.uk,https:jlmatthews.com,https:forestrhapsodyskincare.com,https:fusarouomo.eu,https:reaovo.com,https:ketonaturalpetfoods.com,https:loveandlotus.com,https:chucogolf.com,https:axisonhigh.com,https:rowallan.com,https:hobbymodels.com,https:drheaterusa.com,https:homyoga.com,https:fredericks.com,https:sfdisplays.com,https:thevillagehaberdashery.co.uk,https:saralhome.com,https:kjclothier.com,https:amputeestore.com,https:cloclorino.com,https:arcanehome.com,https:byjawaher.com,https:gabyclothing.com,https:anabolicaliens.com,https:timmeeusa.com,https:phrora.com,https:nevertoohungover.com,https:lnngy.com,https:my-closet.rocks,https:eluxgo.com,https:bikinibodibibu.com,https:nauticalfarms.com,https:grandezahotsauce.com,https:restless-souls-apparel.com,https:nomoreheartbreaksclothing.com,https:mondo.co.nz,https:bswliquor.com,https:sports-cartel.com,https:pergamino.com,https:solisleathercompany.com,https:cartocreative.com,https:tekimek.com,https:health-in-me.com,https:primeneckwear.com,https:stretchtentrentals.com.au,https:newenterstore.com,https:beeswaxcandles.com,https:soundquench.com,https:goodgreencleaner.com
24,https:suomensiemenpankki.fi,https:paperlandstore.com,https:afrosocalovesupply.com,https:amichateau.fr,https:thehyperide.com,https:amberjack.shop,https:zippycap.com,https:pescuezo.com,https:heartfeltsf.com,https:liliumabsolute.com,https:mikimiette.com,https:bambinisworld.com,https:pandaliquidation.com,https:iamchamorro.com,https:iycosmetique.xyz,https:yoliandotis.com,https:goodboybob.com,https:mirrex.store,https:shereigns.ca,https:colosseumdeli.com,https:koopink.com,https:inayababy.com,https:mainandbirch.com,https:glasshouseau.com,https:brainspice.com.au,https:thefilmshop.com.au,https:kebbekskateboards.com,https:libertybelle.com.au,https:wideimagesolutions.com,https:vintekk.ma,https:littleredlunchbox.com,https:thechampagnegypsy.com,https:getfrazy.com,https:gacraftspirits.com,https:rydirtyunltd.com,https:newfavors.com,https:pollywales.com,https:cellart.world,https:podbolt.hu,https:jewelsbysjb.com,https:harmonywinepacks.com,https:ashcarden.com,https:wrenboutique.com,https:cosmiclush.com,https:cimarrondocs.com,https:grafipress.de,https:coozieoutdoors.com,https:ircbike.com,https:emeraldeon.com,https:simplynuts.ca,https:dananddave.com,https:zeknovatires.com,https:lamaisondubac.com,https:loyalkids.eu,https:ohbases.com,https:kringlecandle.com,https:tripme.co.nz,https:thebettercouplestore.com,https:illegaltenderco.com,https:gavelboot.com
25,https:hyphycolor.com,https:steanny.com,https:navastreet.nz,https:filabox.ca,https:beyondhair.co.uk,https:artiplanto.com,https:jcene.com,https:familymatchingfashion.com,https:bopworx.com,https:wheresnick.com.au,https:creativeqt.net,https:mybaitshop.com,https:trastienda.cl,https:fraserwatches.com,https:blinkbrowbar.com,https:chopperandotis.com,https:decoremstore.com,https:cozybeavers.com,https:shopgrowspaces.com,https:reviveminds.com,https:powerbanggaming.com,https:dtails.dk,https:shophalehouse.com,https:delilahfinefoods.co.uk,https:lojaazex.com.br,https:magneticsl.com,https:blinglittlething.com,https:mushslime.com,https:fitlockco.com,https:annabelledavis.co.uk,https:mixmaxworld.com,https:amordebambu.com,https:soapplay.sg,https:galacticgamez.com,https:yourtimeskincare.com,https:trendingvip.com,https:meyer-rhodt.de,https:ohmydeal.store,https:ozhomedirect.com.au,https:octopal.in,https:mysticalblossoms.com,https:kuvet-shoes.ba,https:istills.in,https:foreverfaithfuldesignsscreens.com,https:laikaposter.com,https:odeyaloclothing.com,https:sloopimports.com,https:wildoakboutique.com,https:timesystem.com,https:currentbody.es,https:nrceyewear.com,https:strongsoul.in,https:pltdancewear.com,https:igrowstack.com,https:indiehousefragrances.com,https:petsupplies.vip,https:amintiri.com,https:animamusic.uk,https:skinbang.com,https:ourismanplus.com
26,https:warmselling.com,https:womanhood.shop,https:cupofte.com,https:freschetta.com,https:darodealsonline.com,https:batwcoffee.com,https:gorillaglove.com,https:contraenvios.cl,https:priogoal.com,https:golf-fits.com,https:fashnnbeauty.com,https:knokberlin.com,https:shopproverbsboutique.com,https:cordlessway.com,https:b17-shop.com,https:invicsa.be,https:inspiredgo.ca,https:dogtownskateboards.com,https:littleradjack.com,https:friko.es,https:deathwishmodz.com,https:intellid-solutions.com,https:4x4colorado.com,https:piperandchloe.com,https:guyville.com,https:boutiquemda.com,https:morethanmuscle.com.au,https:onlineclosetbychristine.org,https:evettamadeit.com,https:skinid.se,https:secondnatureonline.co.uk,https:luxiani.com,https:wildfindings.com,https:galaxysandco.com,https:x-naut.com,https:wefriends.nl,https:mpdetailing.ca,https:asiaforms.com,https:roop-villa.com,https:eandejewlers.com,https:brightandearlycoffee.com,https:marley-bohemianfc.com,https:lutetiasante.com,https:slipsladan.se,https:thekingsproducts.com,https:theemporium.com,https:evelynselegantedibles.com,https:kimante.com,https:sportea.com,https:saintclair.co.nz,https:divaslimshaper.com,https:snapcapgolf.com,https:scorchedsurvival.com,https:naturely.de,https:rinchenshop.at,https:techspirit.ca,https:geekult.com,https:budderscannabis.ca,https:skinworldwide.com,https:cc-webshop.com
27,https:poppingcandy.com.au,https:nbnaturals.com,https:sydneyharbourconcours.com,https:ivyleecopenhagen.com,https:reflectoes.com,https:berdspokes.com,https:starboardpress.net,https:snarkgifts.com,https:lightpaintingbrushes.com,https:stayrugged.com,https:musostuff.com.au,https:communitysurgical.com,https:wild-hand.com,https:soakwash.ca,https:toasted.co.nz,https:gogoshoppy.com,https:tha-alumni.com,https:forstrangewomen.com,https:shophalterego.com,https:dizi-boutique.com,https:fastkeys.xyz,https:altaregoapparel.com,https:clothingclick.com.au,https:twin-sport.de,https:lojadaboleirada.com.br,https:milyaneer.com,https:ginfromthepampa.com,https:lifestyle4u.de,https:taotenkara.com,https:relab.ma,https:shirleyspopcorn.com,https:neon-factory.com,https:uzistore.com.br,https:gameovervideogames.com,https:metalflair.com,https:biofaceandbody.com,https:petitegazelle.com,https:solvil-et-titus.sg,https:rhyde.co,https:unit1.shop,https:100percentpure.com.mx,https:astromoonlight.com,https:lvryn.com,https:fabriccollection.com.au,https:ornaformula.com,https:theroseplush.com,https:topoutfit.bg,https:lovedmother.com,https:anxietywellness.com,https:darkinkart.com,https:amytaylorcollection.com,https:empirestreetstyle.com,https:chomimo.com,https:hardkoreklothing.com,https:primetimetraders.com,https:melaninessentials.com,https:pink-chateau.com,https:heartwoven.ca,https:skybarvapor.com,https:techtruly.com
28,https:west47th.com,https:shopchainz.com,https:ckcollectorwine.com,https:monims.com,https:borakpop.com,https:bigfudgevinyl.com,https:lunetteriegenerale.com,https:patelsuperstore.com,https:brittonsofcolumbia.com,https:sitnshop.com,https:nasoua.com,https:latidodeproductores.pe,https:corvidculture.com,https:michigansynthworks.com,https:livinkombucha.com,https:madeinproduction.com,https:cuchara.ca,https:velcen.com,https:shopharveys.com,https:wowwhites.com,https:myleashstore.com,https:quadlockcase.jp,https:knotsbykm.com,https:phonillico.com,https:waimari.com,https:snowbeautyco.com,https:ukeyo.com,https:croox.net,https:goldeliteapparel.com,https:suga13boutique.com,https:plae.co,https:dcarydesign.com,https:aroscykler.dk,https:gametradersseaford.com.au,https:garbarmy.com,https:morganjuliadesigns.com,https:meatpackingmarketnyc.com,https:norvei.co.uk,https:slip2000.com,https:les-petits-plus-au-quotidien.com,https:promosizzle.com,https:envira.eu,https:henriateliercreatif.com,https:simplymac.com,https:glitterbees.com,https:santaverde.de,https:mobilitylifepro.com,https:manstuffstore.co.uk,https:nailthrone.com,https:irislab.com,https:hipesunglasses.com,https:cdstencils.com,https:mirrorclassic.com,https:inoby.co.uk,https:primetools.com,https:waynuff.com,https:primzon.co.uk,https:bearnlion.com.au,https:fashionmallonline.com,https:cincosoccer.com
29,https:recreateclothing.co.nz,https:runzashop.com,https:billetvault.com,https:deskgrown.com,https:lahjashop.com,https:blackroseflorist.co.nz,https:5thandlamar.com,https:northstraps.com,https:mrswimny.com,https:synergypowerpv.com,https:sendithq.com,https:pstvebrand.com,https:miaglo.com,https:gladskin.com,https:kaffeeexclusive.com,https:trainlikeagirlsoccer.com,https:moonchildworld.com,https:outdoorgreenz.com,https:nissoandconyc.com,https:kruut.de,https:redzoneroyalty.store,https:dogspeakcards.com,https:lowcontentfrance.fr,https:hugoanddallas.com,https:camp-marcopolo.com,https:brakefreetech.com,https:hautevictoire.com,https:051shop.com,https:shopqueensfitness.com,https:kimono-yukata-shop.com,https:urbantracers.com,https:elephantengraving.co,https:samanthasaree.in,https:woolfloss.com,https:brilliancenewyork.com,https:jcsteeleeyewear.com,https:theravelight.com,https:survivalcity.com,https:frandcompany.com,https:hola-coco.com,https:stockedbythreeowls.com,https:shekilledit.com,https:kava.family,https:petit-detail.com,https:loungefitbrand.com,https:sfgwholesale.com,https:moto-bikers.com,https:arnottcycles.com,https:daughters-of-summer.com,https:krispyaddicts.com,https:moemelanin.com,https:themanshoppe.ca,https:flyingwing.in,https:malibulabsus.com,https:primochill.com,https:ricflairshop.com,https:vintagevaultstyle.com,https:mylittlegoodybox.co.uk,https:drjonshandcraftedsoapco.com,https:snjdistribution.co.za
30,https:saintsass.com,https:livememaine.com,https:lagrandegallerie.com,https:lobeautycali.com,https:capmed-boutique.fr,https:bloxracing.com,https:devcoregear.com,https:goodybody.com,https:landtankproducts.com,https:vitaminshoppeparaguay.com.py,https:karmanewyork.net,https:spairpair.com.au,https:myseabox.com,https:scriptyours.co,https:keapcare.com,https:loyalshop.club,https:shop-fine.com,https:fashionmenandwomen.com,https:silkroadwd.com,https:yoreinare.com,https:thinkertoysoregon.com,https:culturalcargo.com,https:mommamakes.co.uk,https:faecratearchives.com,https:lojafastbear.com,https:therested.co,https:soulza-handbags.com.au,https:cheiralfazema.com,https:pawnnician.com,https:arrowsracingshop.com,https:chainspro.com,https:onitworld.com,https:forzzafurniture.in,https:gardengoodsdirect.com,https:ezconnector.com,https:casadelbiscotto.it,https:coppermax.com,https:beachgoers.ca,https:elixart.com,https:esdoro.com,https:noblehoneycompany.com,https:woodoc.biz,https:gamebuddypro.com,https:healthysandals.uk,https:luxemane.com,https:yartal.shop,https:lifeinthewake.com,https:aplasticplant.com,https:b-sidebywale.com,https:surfblanksaustralia.com,https:dapsretro.com.au,https:eurothaiargento.com,https:emaratshop.com,https:crawfordtool.com,https:four-sydney.com,https:teddybears.co.uk,https:seasickbham.com,https:bigsmallfocus.com,https:masscool.com,https:simplyworkout.com
31,https:astro.boutique,https:themilknhoney.store,https:justsaygoodmorning.com,https:sugarandspiceapparel.com,https:thetrendygo.com,https:boardanyone.com,https:raysunsurvival.com,https:hipunique.co.uk,https:skateconnection.com.au,https:www.lindencookies.com,https:apricotmint.com,https:scrunchiz.com,https:mykneesolutions.co,https:wonderhoodie.com,https:nordhavncoffee.com,https:kerarganic.com,https:branchoutfood.com,https:myceladonroad.com,https:sammvaad.com,https:ohmabel.com.au,https:dirtygourmand.com,https:hyundaitechnology.com.mx,https:flewaustralia.com,https:yourfootdoctor.in,https:statehood.net,https:dbleudazzled.com,https:petzzing.com,https:bossaconcept.com.br,https:rockpaperlaser.com,https:sbyminx.com,https:shopinfinite.com,https:mangoandmoreshop.com,https:elochee.com,https:garretttuning.com,https:thequeenivy.com,https:mhaare.com,https:bravatriathlon.ca,https:ryocco.com,https:petfactory.com.au,https:fitbit.com.pk,https:skorow.com,https:studiobfashion.com,https:spreepaws.com,https:adoptme.shop,https:emmyrobe.com,https:mulebarnboutique.com,https:tekwicks.com,https:lapetiteanais.com,https:richardhawardsoysters.shop,https:customeps.com,https:yuliehair.com,https:thecarmattressguy.com.au,https:thepunchy-gaucho.com,https:autopartsos.com,https:fietsaccessoires.nl,https:mastrad-paris.us,https:brandxlux.com,https:oneodio.in,https:fgsupply.com,https:braelake.com
32,https:tjbrewequipment.com,https:ys-notes.com,https:todayfashion.pk,https:mybrestfriend.com,https:lovebygulnaz.com,https:breatheezairpurifiers.com,https:normjewels.com,https:123ave.com,https:eptmusa.com,https:emilieettori-illustration.com,https:instahero24.com,https:bettertea.co,https:cleanlino.com,https:rowll.com,https:serenityscenes.com,https:mecenemarket.com,https:lavishlymeboutique.com,https:thebeautyofsensitiveskin.com,https:shoppingmania-boutique.com,https:buzzkito.com,https:brokemansmart.com,https:thelastminutebride.com,https:stardusthemp.com,https:maisondelabarbe.ca,https:giantsafety.com,https:hippiesanddrugs.com,https:honeybodybeauty.com,https:duard.com.br,https:eeefy.com,https:hellokbanana.com,https:joannsfudge.com,https:chakdesports.com,https:saludvida.com.pe,https:gatsport.com,https:petstoys.store,https:ethreecollection.com,https:mtbdirect.co.nz,https:aresseparis.com,https:growwithjo.ca,https:gallerycouture.com,https:youforia.store,https:magnoliacases.com,https:adelarus.com,https:impressivecouture.com,https:elliothasacoolstore.com,https:de-fanshop.de,https:adenya.co,https:glowyskinstore.com,https:jimmyleeleathers.com,https:footballbh.shop,https:hapil-havarod.co.il,https:fusion100co.com,https:superflores.com,https:peinture-discount.com,https:carmaspeed.com,https:kidzmic.com,https:diamonds-kosmetik.de,https:revolutionbeauty.pk,https:sleepgram.com,https:spaingourmet.com
33,https:saintkitchens.com,https:mioculina.com,https:ruletheroad.com,https:4kiteboarding.com,https:xcelby.com,https:bromlay.com,https:firstdentalsupplies.com,https:islastone.com,https:snowflakeeducation.com,https:pizzicotti.com,https:nearbystore.ca,https:bionovum.com,https:iconicvault.com,https:bandspec.com,https:jakero77.com,https:eugenwegner.com,https:bt21club.com,https:blenderpal.com,https:eastwoodjewelry.com,https:prettyvol.com,https:1bankan.com,https:rinchenshop.com,https:redvalenteen.com,https:westsmartshop.com,https:lojahori.shop,https:keenovo.store,https:firelilyjewelry.com,https:jilli.nl,https:mahaloswim.com,https:kentshire.com,https:glowygal.com.au,https:ongossamer.com,https:cursodedropshipping.org,https:gayathrisarees.com,https:autoextrude.com,https:schaaky.com,https:mariacordua.cl,https:bigfootmall.shop,https:geppettosworkshop.com.au,https:empressbeautyjewelry.com,https:vibhacollections.com,https:doughparlour.ca,https:innerasiarugs.com,https:fabwitz.com.au,https:brasilcenterloja.com,https:allabouttidy.com,https:dupure.com,https:gbwear.com.au,https:mytasteexpress.com,https:alallure.com,https:fsixp.com,https:bathshebaonline.co.uk,https:forastudios.com,https:rebelandreason.com,https:hammiesshorts.com,https:designergaleriejunior.com.au,https:shopgivenchybeauty.hk,https:projectxoffroad.com,https:brum.com.mx,https:giantleaprocketry.com
34,https:femmeup.es,https:anthonysfurniturehomedecor.com,https:maqemore.com,https:everbutter.com,https:electostore.co.uk,https:bsf.ca,https:lighthousekidscompany.com,https:mindbrush.co,https:vestiqmayoreo.com,https:itsmay.dk,https:lordsguidance.com,https:designerbagstoresale.com,https:cleanshoeprotector.com,https:3rdseasondesigns.com,https:chronocollector.com,https:outlaw-brewing.com,https:dollarbargain.com.au,https:lucie-leo.com,https:shopilovepinch.com,https:notofthisworldiconsandbooks.com,https:beanzlifestyle.com,https:minna.shop,https:mamamadefood.com,https:demytrendy.de,https:lojakator.com,https:brushguard.ca,https:saretta.com.au,https:swimchicgirls.com,https:benephant.com,https:artoyz.com,https:lostinlunar.com.au,https:tekpower.us,https:vacuumrobot.co.uk,https:gdicare.com,https:promomomma.com,https:keebcats.com,https:alynn-and-lea.com,https:heartlandapothecaryrx.com,https:genxmuscle.com,https:embersandink.co.uk,https:futodugouts.com,https:roycebridal.com,https:chillablankets.com,https:leonardo.vn,https:gio-abbigliamento.com,https:locketloves.com,https:oliviafurniture.com,https:wildplanetfoods.com,https:bella2bello.com,https:southernpointco.com,https:bellini.vip,https:desertdancer.com,https:your-happy-home.de,https:hadiacollection.com,https:princetonpopcorn.com,https:felifromgermany.com,https:mompush.com,https:dsamall.com,https:thepawprintboutique.co.uk,https:compocket.com
35,https:golf4u.ch,https:organilock.com,https:mocharoseskincare.com,https:conservanaspices.com,https:azavu.com.br,https:bubblewrapptoys.com,https:kallinz.com,https:erinplewes.com,https:extrememotorsportsnj.com,https:kidicare.ca,https:thefancyplace.com,https:whup-t-doo.com,https:4ye.ca,https:quarkus.net,https:endurancetreadmills.com.au,https:gigibeebeauty.com,https:edslinens.com,https:animalhair.co.uk,https:shopimperial.net,https:decuirshop.com,https:tommiboi.nl,https:sevenoaksshop.com,https:ffoa.com.au,https:moto-helmets.com,https:naturalborncurls.com,https:felicityjane.com,https:capitalcity.com,https:capes.com,https:whiskeynbiscuits.com,https:room422.com,https:artislandy.ma,https:amarosoaps.com,https:oddity.pk,https:gearcarcover.com,https:nickcabana.com,https:mannafood.ca,https:legginglyfe.com,https:sisterhoodbeauty.co.nz,https:lornacharis.com,https:byjessd.com,https:anpinmanz.com,https:sugarpop.in,https:coziart.com,https:ellebellebaby.com,https:blameitonbaby.com,https:canelamerchandise.com,https:besthomefashion.com,https:debonairattire.com,https:gridleys.ca,https:nirebeauty.com,https:northwanderers.com,https:thehomenecessity.com,https:lufcfanzone.com,https:thepawsg.com,https:preggy.in,https:shopiwiz.com,https:nasoni.com,https:anointedtshirts.com,https:bridgethebump.com,https:gabbagoods.com
36,https:starwarsanalyst.com,https:shoplovelaney.com,https:snakeriverpress.co.uk,https:asprovski.com,https:amoshi.in,https:bushbalm.ca,https:4zy.net,https:ohanagadget.com,https:virginiadaredressco.com,https:diamondmma.com,https:le-baus.com,https:thenaturelinkstore.com,https:sternspools.com.au,https:merafrikio.com,https:dentaldepot.cl,https:jacquemichelle.com,https:smellslikebooks.com,https:flinkycare.com,https:chakramoon.com,https:naturecan.dk,https:jompers.com,https:mapleholistics.com,https:jhworks.com.tw,https:o-lens.co.in,https:lavofficial.com,https:thecordialcherry.com,https:turewell.com,https:pro-pesca.com,https:mollibrasil.com,https:pureport.net,https:mudpuppy.com,https:shopjorjy.com,https:nodimensionsbrand.com,https:gearify.ca,https:foytik.com,https:trinketgeek.com,https:◊ß◊ô◊ô◊ò◊®◊ô◊†◊í◊ó◊ú◊ë◊ô.com,https:mimiandcoco.com.au,https:herblester.com,https:granacafe.com,https:lapimbeche.com,https:hans.com.sg,https:vilanobikes.com,https:tcgfootwear.com,https:melbournemarqueehire.com.au,https:qualityjewelryshop.com,https:hurizun.com,https:cookiejar.com.au,https:strictlybrokentcg.ca,https:elibrehandmade.com,https:vapeparadiseindia.com,https:kickstartedgames.com,https:cravedog.com,https:topproducts.shop,https:printfina.com,https:bonafideprovisions.com,https:quantgene.com,https:beckyfos.com,https:americanpridehq.com,https:housenine.co.uk
37,https:poppybarley.com,https:mamangava.com,https:facepaintshop.com,https:fashomedia.com,https:family-masks.com,https:canadianboardco.com,https:oxyland.online,https:sharonciprianojewelry.com,https:wearwith.co,https:apexfibreglassroofingsupplies.co.uk,https:supercoolproject.com,https:grovecollective.com,https:cosycottagesoap.co.uk,https:thecollectionchest.com,https:energym.io,https:indiasells.com,https:mylumasol.com,https:proteinclub.com,https:shopinspiredhome.com,https:fissman.ae,https:alpha-nutrition.com.au,https:wakencare.com,https:theravenandthewolves.com,https:stylishplanneraccessories.com,https:shophex.com,https:pp-store.com,https:vinylguru.co.uk,https:gatim.in,https:debonairsuave.com,https:hapibottles.com,https:lagalene.com,https:avenabirthstones.com,https:glassemotions.ca,https:gearit.com,https:royalblackcosmetics.com,https:thecitylife.ca,https:driptrip.in,https:iamnotavirgin.com,https:farmacywholesale.com,https:superbetaprostate.com,https:10to12babylounge.com,https:finandvince.com,https:takecareandreceivegrace.com,https:shreeman.in,https:growplaymonkeybars.com,https:sogoodhair.com,https:aacute.com.au,https:coconutcloud.net,https:eberlestock.com,https:fullhearts-la.com,https:kuliahkanada.com,https:thebrewsbros.co.uk,https:spacecityfishandcoral.com,https:honeybearstudio.com,https:spinerelacs.com,https:dzatafia.com,https:getsidedish.com,https:egvape.com,https:luv2pak.us,https:o2canada.cn
38,https:davisstreetmercantile.com,https:bustabeatgeorge.com,https:eskerinsoles.com,https:thehobby.com.au,https:hanselngretel.com,https:centredurasoir.com,https:shopmelaniesboutique.com,https:precisionprep.uk,https:highlash.com,https:gymbagroyalty.com,https:retrospecseyewear.com,https:farmerscraft.in,https:fijicube.com,https:teichtoys.com,https:arteespina.com,https:metalalchemist.com,https:corporesanctum.com,https:sauto.jp,https:gastroelm.com,https:electrifycoffeeco.com,https:artland-origines.fr,https:balloonfiestastuff.com,https:corinneworld.com,https:drawganize.dk,https:lojarinove.com.br,https:fini.shoes,https:rewindgreens.com,https:melarey.com,https:grafea.com,https:karmagawa.com,https:anhonestroom.com,https:doeadeerdesign.com,https:waltercollection.com,https:geckocustom.com,https:jackbenimblekids.com,https:geminibottlesf.com,https:jesuslove-shop.de,https:jerricanicoledesigns.com,https:one2threejewelry.com,https:dazzlefashionboutique.com,https:hiddentreasurea.store,https:trustednutrients.com,https:hydrogainer.com,https:elporlo.com,https:grandmotherskitchenshop.com,https:love-dolls.co.uk,https:vape-shop.ca,https:gogotoro.com,https:freshthreads.co.uk,https:mimotique.com,https:landclape.com,https:kamlan.shop,https:mythicfarm.com,https:greensmill.com,https:printfresh.com,https:bathroomwall.com,https:ubrew.cc,https:anytimegreat.store,https:revok101.com,https:islandavela.com
39,https:ytexstrings.com,https:mamanji.com,https:betterdry.ca,https:handydandyitems.com,https:shewears.store,https:chatdoux.com,https:monicamarquez.com.mx,https:broochaholic.com.au,https:nextdealshop.co.uk,https:richardburnish.org,https:fairylandjewelry.com,https:rosyee.com,https:tootsweetsoapshack.com,https:northkith.com,https:thepetcarecard.com,https:swellshades.com,https:xcomfy.com,https:penelopehandmade.com,https:kanrakuya.com,https:teamprimatus.com,https:lavenderhillshop.co.nz,https:funkygiraffebibs.co.uk,https:jfcmetal.com,https:threatllama.com,https:myunique3d.com,https:theoodie.de,https:roastupcoffee.com,https:ophie.co,https:graffeocravatte.com,https:plantalchemycbd.com,https:gamestoremx.com,https:iarena.ro,https:thebikeclub.co.uk,https:geekgameshop.com,https:outbackpainrelief.co.za,https:islaonline.com,https:breakoutbras.com,https:abacussportswearus.com,https:thriftygirlonline.com,https:bagnboxman.co.uk,https:thebrandguy.us,https:knatur.shop,https:egas.com.au,https:mybabynmore.com,https:serenitycandlesdxb.com,https:mollygrams.com,https:mymoonlite.co.uk,https:twills.in,https:susiko.com,https:litchilive.com,https:minimumwines.com,https:hoominteriors.nl,https:diboni.com,https:ypiazzasancarlo.it,https:printkeg.com,https:sweetytreatyco.com,https:dragonbreathlighters.com,https:gracefullymadejewelry.com,https:cleoparty.com,https:splitsilk.shop
40,https:marshpumpkin.com,https:grumpypencil.com,https:grabgreenhome.com,https:oemsupplyking.com,https:sacredgeometrix.com,https:chillminisplits.com,https:modzerogear.com,https:urelas.com,https:bcustomcabs.com,https:exoticfashionboutique.com,https:cleartunemonitors.com,https:raidar.ie,https:thereddotcomicstore.com,https:sydney-fashion.com,https:shoptorylanez.com,https:incatea.com,https:thethaiday.com,https:elikoglow.com,https:native21.com,https:enamour.ca,https:togetherwithkx.com,https:alzovideo.com,https:xoxtoys.ca,https:cloudpunchergames.com,https:lojasbfy.com.br,https:cabaia.com,https:plainsandpine.com,https:yowhickhome.com,https:pantherperipherals.ph,https:royalcanna.life,https:goontape.com,https:mybigadventure.com.au,https:theshoepawnshop.com,https:geekstands.com,https:gambitastyle.com,https:bkservicesonline.co.uk,https:livingwords.in,https:thelashshop.com,https:designsbyknr.com,https:houtgemak.nl,https:nicogiani.com,https:modernkibble.ca,https:revibedesigns.com,https:sugarways.com,https:voguesouls.com,https:kwaycanada.com,https:nosely.store,https:dreambranding.com,https:prepdhydration.com.au,https:gpdays.com,https:compustar.mx,https:standuppaddle.ch,https:journeesworldboutique.net,https:shirtsworldstore.in,https:antarctic-star.com,https:instantclassic.com.au,https:msrestaurantequipmentsales.com,https:aporito-online.com,https:smartypits.com,https:thebabestandard.com
41,https:shopwhimcycle.com,https:greenprice.com,https:freestyle-vinyl.com,https:select.com.co,https:herright.com.au,https:cloverblooms.co.nz,https:horshamcoffeeroaster.co.uk,https:postercave.com,https:vinylwrappingaustralia.com,https:den-express.com,https:ckruegers.com,https:tuorenaturals.com,https:clefdesol.com,https:customcut.nyc,https:poukaz.pro,https:indigoandgoods.com,https:cbdforlife.us,https:pawpatrolandfriends.com,https:shopkylieann.com,https:vless.eu,https:creatures.com.au,https:sunnysideshopping.com,https:vikingsman.com,https:goldandbehold.co,https:dealfacile.shop,https:bambooscenes.com,https:eribastuff.com,https:upscaletime.com,https:blisscurler.com,https:yarnfreak.dk,https:pestsuppliesdirect.com,https:vivano.co.uk,https:sustenanceherbs.com,https:geektropical.com,https:anayaonline.com,https:myvanitymirror.co,https:dndperformanceinterior.com,https:lupinemporium.com,https:caseier.com,https:hotstuff4guys.com,https:lescopinesarras.com,https:smpny.com,https:houseofmandara.com,https:zurdula.com,https:tcmtco.com,https:bohogypsysoul.co,https:luckyfine.net,https:superblanket.com,https:stylestone.in,https:bouddigallery.com.au,https:dawnq.com,https:grillzbyscotty.com,https:jeweledgeometry.com,https:dentfreak.com,https:bajiosunglasses.com,https:pawpyshop.com,https:leafincreek.com,https:iluun.com,https:smockedauctions.com,https:bulktoystore.com
42,https:imaginejewels.com,https:basilnco.com,https:minimalvibing.com,https:dahlab.com,https:academy10x.com,https:comorsports.com,https:mmvce.com,https:luminox.ch,https:whittlewaxes.com.au,https:directcoffee.com.au,https:hotdealslife.com,https:arlomars.co,https:yarnery.com,https:louren.jp,https:seasaltybakes.com,https:fossimproducts.com,https:one60fit.com,https:paydirtgold.com,https:shoplhp.com,https:perfectgiftsforfamily.com,https:laserfibre.com,https:thebamboobrushsociety.com,https:flipkey.shop,https:flawlessbyfriday.com,https:lojaseaglebrasil.com,https:zeroharm.in,https:smartyclicks.com,https:thecreasepiece.com,https:dplike.com,https:wellplannedmove.com,https:imgadgets.com,https:globalaccessories.co.uk,https:bmalonestore.com,https:gelblasterbattle.com,https:orwo.shop,https:upgoshop.com,https:chidorikanko.co.jp,https:monspeakix.com,https:primecuts.co.ke,https:shopmaude.com,https:www.apoloaudio.com.pe,https:thejewelrybx.com,https:onlinegifts.ca,https:upriff.com,https:divanoso.it,https:shopadss.ca,https:haicolours.com,https:vites.com,https:dashshoppe.com,https:flavorfy.com,https:aninaarts.com,https:themusclebros.com,https:etsracingfuels.com,https:sterlingnutrition.co.uk,https:prismplatinum.com,https:citypharmacy.ie,https:rustygold.nl,https:libertymusic.us,https:n-pro.com.au,https:ihc.com.pa
43,https:mendelnyc.com,https:segashop.eu,https:alfrugoni.com,https:labzenn.com,https:yesterdaystech.com.au,https:coolcrownstore.com,https:thestorefusion.com,https:31-grad.de,https:hamethop.co.za,https:foreverstore.co,https:themoderncompanion.com,https:haiberlin.com,https:lillieandfriends.com,https:twigplants.co.uk,https:nuevosol.co,https:oasser.net,https:blkdiamond.co,https:eoliu.com,https:shopbackdrop.com,https:heavenly2011.com,https:foreverpillows.com,https:tommoken.com,https:obsesion.com.au,https:hilalplaza.com,https:partyfeverltd.co.uk,https:fitnessandsport.com.au,https:topofthegalaxy.com,https:republicancoffee.com,https:limithomas.co.uk,https:comfortly.se,https:detlilleunder.no,https:indianmilkandhoney.com,https:dripmanstore.com,https:generalstoreofminnetonka.com,https:unitywatchbands.com,https:3dprintersworkshop.com,https:montraspa.com.au,https:merchbucket.com,https:arcskincare.com,https:8thstoryshowroom.com,https:healthsmartfoods.com,https:halleysskihire.com.au,https:michaelsingerco.co.uk,https:lichenandlace.com,https:casezishop.com,https:petpur.com.au,https:powertac.com,https:rainbownutrients.com,https:permanentpresseditions.com,https:monogrammedgifts.com,https:prettypersonalised.co.uk,https:levbaby.com,https:lovesolvani.co,https:yourmcshop.com,https:readyman.com,https:onederchild.com,https:chippcoffee.co.uk,https:absolute360.co.uk,https:smokebuddy.com,https:eonsmokepods.com
44,https:radpowersports.com,https:silvafurniture.com,https:fullcircleceramic.com,https:scootbootseurope.com,https:jerkyxp.com,https:coursesforsuccess.com,https:loveandfaithclothingstore.com,https:hudsonandoak.com,https:hexagon-hgn.com,https:thunderblink.com,https:germanholidaymarket.org,https:naddimedia.com,https:stickerheads.com,https:staythefuckinside.com,https:nncy.com.au,https:pokemasks.com,https:vaniacom.com,https:templeboards.com,https:ruglove.com.au,https:byhoneipotco.com,https:thebeachpop.com,https:subieland.ca,https:secretbathstore.com,https:faschinn.com,https:ecoled.com.co,https:lojabigstore.com,https:gracelee.com,https:superschoenen.nl,https:artfusioncopenhagen.com,https:kinszee.com,https:studiogrundahl.com,https:alphagripz.com,https:lashgaloresf.com,https:generatorupgradesupply.com,https:cocoandnuts.co,https:nomadsyouandi.com,https:shopymartah.com,https:yankee-ingenuity.com,https:affinitysupply.com,https:pinkorangeclub.com,https:mettw.com,https:hapakristin.sg,https:beholdgames.com.au,https:vertiball.com,https:divinesaunas.com,https:vondika.com,https:jennifershomemade.com,https:arakaibeauty.com,https:tchri.com,https:mugvalleyshop.com,https:pelobaum.se,https:jabanoodles.com,https:passionatecarestethoscope.com,https:iylacollective.com,https:prismwaterpipes.com,https:parachilna.eu,https:ginamlv.com,https:dunapaddle.com,https:dunkeld.com,https:speakingofsamantics.com
45,https:albutrix.com,https:epacolombia.com.co,https:apexstudio.co,https:cyflymder.com,https:tashihandicrafts.com,https:cuddleandkind.com,https:ampedcycles.com,https:shopwhiteelm.com,https:stellaclothing.com.au,https:alernakidneyhealth.com,https:uniquememall.com,https:rescuepetfoods.com,https:artmatenwa.org,https:nibbsclub.com,https:speedyremedy.com,https:siskochocolate.com,https:cornhole-decals.com,https:vidorinaturals.com,https:tonton-pierrot.com,https:adventuristaboutique.com,https:pulsecellular.com,https:deutscheleseecke.com,https:brightwellness.com.au,https:rodeodriveconchos.com,https:trupotreats.com,https:cafeservka.be,https:wohndirect.com,https:cetrixuv.com,https:supplies3d.com,https:peacenest.com,https:eduardopelle.com,https:fairytalewigs.com,https:sycamore.market,https:geneverse.com,https:capsuleproject.com,https:modsw.com,https:hildon.com,https:neo-tvpro.com,https:globalfinewines.com.au,https:newimagefitt.com,https:averyoaksfurniture.com,https:bikito.com,https:embroiderberry.com,https:rainmac.com,https:pokersamadhi.com,https:kripu.com,https:poochspantryqld.com.au,https:royalcanvas.de,https:uniqueboutiquebling.com,https:emojimycity.com,https:nimbusclimbing.com,https:crankfactory.com,https:poeme-et-poesie.com,https:miniskop.se,https:downtowncellular.com,https:adashofkinship.com,https:dragonflytoys.com.au,https:henryandoliverco.com,https:snugglysack.com,https:lumeri.it
46,https:annajacks.com,https:replicawine.com,https:pulp-shop.co.il,https:theboathousestore.com,https:reeltoreelrestoration.com,https:debbielynn.net,https:jacksonhandling.co.uk,https:stickit-labs.com,https:czarina.com.au,https:juiceflame.com,https:chatelethome.com,https:goddessbeautyroyalwigs.com,https:allabouteve.gr,https:raexperimentalstudio.com,https:sincerelynude.com,https:ponyo.co.za,https:heysunsetbay.com,https:malva.shop,https:shopmarea.com,https:ellasroses.com,https:lawntractorco.com,https:massagechairsgiveback.com,https:levisretro.com,https:lidjeu.be,https:smartshopcelular.com,https:zenithathletics.com,https:cleanseoffmitt.com,https:souvenirscents.com,https:holenhello.com,https:baitalabaya.com,https:universalengraver.com,https:kaibosh.com,https:bdiart.com,https:gentlegeneralshop.com,https:onlineaustralianstore.com,https:echoparkinstruments.com,https:nolabeauty.dk,https:studiobloom.ca,https:fruitmeupmtl.com,https:cathypope.co.nz,https:megazonee.com,https:rastalionwear.com.au,https:thorlos.co.nz,https:philipb.nl,https:donnalenceria.com,https:harneycatalog.com,https:btc-wine.com,https:safeerappliances.co.uk,https:sway-polewear.com,https:walkingpalm.com,https:kundalinimoda.com.br,https:opalpineapple.com,https:hoka.co.nz,https:yourhomegifts.com,https:ecstasycrafts.ca,https:yamagahomeshop.com,https:mysacredspine.com,https:futurasleep.com,https:hundweilerhof.de,https:angeloqa.com
47,https:nakedgrace.co,https:hombresmd.com,https:bikerbund.de,https:pinkbag.net,https:seaweedandgravel.com,https:delishmeals.ca,https:thepoolpros.com,https:yusu.coffee,https:junglejumparoo.com,https:campovans.com,https:hiperboloide.com.br,https:maza.com,https:ozcoolers.com.au,https:lighting-geek.ca,https:juiceservedhere.com,https:miliandlilies.com,https:coolandcustom.com,https:shopcutebuttons.com,https:shopmasc.com,https:fairyandrose.com,https:iax.jp,https:thecolognecollection.com,https:goodnewsapparel.co,https:jewelzz.co.uk,https:thistleandmain.com,https:safespacescan.com,https:candypros.com,https:remotesbuy.com,https:nolatilyadie.com,https:triocoffeehouse.coffee,https:badlandsgeneralstore.ca,https:thegearnation.com,https:waterdamagedefense.com,https:gentrendpublication.com,https:trynget.com,https:littleluxs.com,https:direct4you.com.br,https:consciouscraft.uk,https:odocseyecare.shop,https:ferramentaitaliana.com,https:wiremarkers.com.au,https:thegreenery.com.au,https:legareskincare.com,https:truthalkalinewater.com,https:artedterra.co.il,https:hypesneakershop.com.ua,https:thecookiedepartment.com,https:seleneyag.com,https:harlaarts.com,https:thebalancedmarket.com,https:brooklynns.com,https:swadutau.com,https:manumitcoffee.co.uk,https:thesecretgarden.uk.com,https:privategym.com,https:crescentrosecraft.com,https:shopwebbys.com,https:sportsandoutdoorfun.com,https:pureapparel.com.au,https:nanatoquilla.com
48,https:pixemix.com,https:cecadi.com.br,https:crmjewelers.com,https:forwardlyawkward.com,https:sheyours.com,https:doorhardwarehouse.ca,https:europeanfragrance.com,https:bricksbiggsfix.com,https:ridewithfiks.com,https:shop-bottes.fr,https:fidra.com,https:luxestry.com.au,https:happydotbox.com,https:cphwheels.dk,https:welikevitamins.com,https:hannalahandmade.com,https:anaphe.com,https:styleflaire.com,https:mondecor.shop,https:bravegrownhomeshop.com,https:ongoal.com,https:rerhodeisland.com,https:urselleparis.fr,https:shopwearmeout.com,https:yaivape.com,https:mycoffeelab.com,https:floatwheel.com,https:customtireletters.com,https:dtbaccessoriesandsuch.com,https:happypetfamily.com,https:reviveskin.co,https:kibemo.ch,https:www.uncommonstore.co,https:georgeandcompany.co,https:kidsswag.ca,https:aesynctx.com,https:bitehelper.com,https:ghoul.rip,https:relationshippress.com,https:shopsagesisters.com,https:kcustom.de,https:lababox.net,https:masscaproducts.com,https:dktshop.com,https:switchecig.co.uk,https:thelittleluxurystore.in,https:beastracks.com,https:civilmoon.com,https:silverwithsabi.com,https:ime-natural-perfume.com.au,https:shoribno.shop,https:blazesavings.com,https:lagomliving.net,https:withoutco.com,https:privatelabelextensions.com,https:swisshunt.ch,https:sreeka.in,https:redhealthwear.com,https:motowey.com,https:blackdesign.dk
49,https:lasbayadas.com,https:delightstars.com,https:everythingbagelseasonings.com,https:whileshesleeps.com,https:countdowndeals.com.au,https:ecofriendlyessentials.com,https:diamondsourcenyc.com,https:larkdesign.net,https:proteinworld.com,https:thescooterzone.com,https:rockymtnairparts.com,https:fluffcloset.com,https:stjohnbrewers.com,https:brooklynpop-up.com,https:calfraisemachine.com,https:luerer.com,https:onestopbrands.com,https:designerdyr.dk,https:codebluememes.com,https:violatethedresscode.com,https:shoplivco.com,https:deepeeonlinestore.com,https:2health.co.uk,https:momsoon.in,https:premequine.com,https:batteryclerk.co.uk,https:mjsglamour.com,https:puresporter.com,https:mammafong.com,https:kegco.com,https:moyonaturallabs.com,https:knifetoronto.com,https:whitehousemercantile.ca,https:georgehats.com,https:crimestop.tech,https:yoninova.com,https:stylizednest.com,https:asgardsgategames.com,https:charlienoble.com,https:vapeandgrind.com.au,https:international-tool.com,https:captainsports.lk,https:fireandflow.co.nz,https:ymijeans.com,https:livesoda.com,https:stepwellsoil.com,https:puzzleworld.co.il,https:orodeus.com,https:uprisingfood.com,https:211-inc.com,https:duckdogmafiaclothingco.com,https:thetoolsverse.com,https:cynthiaannboutique.com,https:earwaxmd.com,https:xinfahair.com,https:shopgraytools.com,https:blackmoxycosmetics.com,https:madeatdent.com,https:greciavera.com,https:foutatex.com
