,32,6251,6428,3412,5012,1774,5588,1684,5141,3256,5041,917,687,7588,7775,3552,2206,5385,7399,4028,4345,3392,1879,6764,3035,6582,4739,5837,2225,290,7282,6494,3557,4519,2957,6111,7270,3632,4679,4883,4577,4407,7106,399,7337,7310,696,1228,4145,7960,3850,1830,6986,6677,1078,4683,1954,1348,1673,3038
0,https:ergonofis.com,https:pacificminerals.shop,https:cable5.co.za,https:duenorthleather.com,https:polishvibes.com,https:beastfactor.com,https:vanlov.com,https:heavenssweetnessshop.com,https:luniversdelalicorne.com,https:bestgadgetsever.com,https:netalytics.com,https:glowsupplement.com,https:7discoveries.com,https:stoney-river.com,https:bohame.com,https:emulateclothing.co.uk,https:lighthouseco.ca,https:francesnation.co.nz,https:copperslim.com,https:comoaudio.it,https:brecha.com.au,https:nuvabrands.com,https:shopthemensroom.com,https:juicerville.ca,https:hollishill.com,https:newshop.ma,https:amberbysoul.com,https:trendgoodz.com,https:mozstyle.com,https:fabheavyparts.com,https:theglorydaysco.com,https:forts.co,https:hempwick.com,https:brewchime.com,https:merchland.net,https:wrapupbyvp.com,https:urbanflux.in,https:selfcareselflovellc.com,https:veysel.com.au,https:keymani.de,https:romabricks.co.za,https:carizqilea.com,https:vogueandvalor.com,https:mazee.co,https:skillsoutfitt.com,https:fotoandtech.com,https:tropicalglass.co.uk,https:unboxgem.com,https:kase4u.com,https:haselgrove.com.au,https:shop-wanderlust.com,https:sandcloudapparel.com,https:invogs.com,https:mmelovary.com,https:lenovoonline.co.za,https:1lovefromabovecc.com,https:desertcitizen.com,https:vespersleep.com,https:regettacanoeusa.com,https:nayad.com
1,https:shefit.com,https:twolittleseedlings.com.au,https:bodybrics.com,https:endurasupplements.com,https:dogcoachshop.de,https:padcist.com,https:thebambinos.co.uk,https:miramarpaintcenter.com,https:wildelements.com,https:sydneyhomecentre.com.au,https:lipglosscostume.com,https:messengercoffee.co,https:formalwear4kids.com,https:bellatorshop.com,https:leruux.com,https:auraandmind.com,https:linnealund.com,https:unionsnacks.com,https:kortrackandfield.com.au,https:4gadgetsonly.com,https:techs2watch4.com,https:ltbjeans.com.au,https:shopdverano.com,https:relxaustralia.com,https:fuzzyfriendsstudios.com,https:boutiquedastintas.pt,https:gammaplus.co.uk,https:aglschoolspirit.com,https:sanctumdecor.com,https:fablittlebag.com.au,https:thesacredcrafts.com,https:birdfolkcollective.com,https:michellemason.com,https:lusttmodels.net,https:shichinoresort.com,https:dold.co.nz,https:classycat.store,https:lolajeans.com.co,https:cosyho.co.uk,https:pet-maxi.com,https:gogetit.africa,https:sloli.store,https:ttmall.ro,https:threyda.com,https:masterform.ca,https:bygraceambrose.com,https:hustlemindset.net,https:xodohtronushop.com,https:lorierwatches.com,https:captainscreek.com.au,https:virtuforyou.com,https:mypols.de,https:3dlighthouse.ch,https:rudegalbeauty.com,https:hathmic.com,https:bananamanor.com,https:cosmosgalaxyco.com,https:eventcityla.com,https:starfishproject.com,https:valleyoftea.com
2,https:venusetfleur.com,https:mukisalocs.com,https:thewallartclub.com,https:tokyo-streetwear.com,https:littlecottonclothes.com,https:canadaradon.com,https:rosmarinocandles.com,https:cozzyfire1.com,https:privatelabelclearance.com,https:www.piercingking.com,https:saltcityglass.com,https:waitematabackcarebeds.co.nz,https:link-exchange-link.com,https:zoo.de,https:actionmatakana.co.nz,https:royalpaw.shop,https:vinkiz.com,https:lucile-roy.com,https:shopbleuboutique.com,https:sunfilm.is,https:pizzamas.com,https:beimpressedbynature.com,https:exsplorefishing.com,https:wearonekind.com,https:miyalingerie.com,https:tornranch.com,https:bantingblvd.co.za,https:therentals.com,https:royalmarketingteam.com,https:fabricwholesaledirect.com,https:paimanabeauty.com,https:clientliaison.fashion,https:circleoftrustshop.com,https:gabice.com,https:liyacollective.com,https:forlagetspring.dk,https:onedealteam.com,https:landandsandessentials.com,https:foldedsteel.com,https:slrustic.com,https:luplus.com,https:gracealley.com,https:lovesmypets.com,https:kettlebellkings.eu,https:basicbabygoods.com,https:somepaws.com,https:ukliftingstore.co.uk,https:topbutcher.com,https:strongwear.com,https:uleicbd.ro,https:shopportoprojector.com,https:www.josueyrion.org,https:silverlinings.in,https:sportsmagic.com.au,https:cfj.com.au,https:annemarieborne.de,https:patchworks.us,https:blinky.in,https:knolkool.be,https:oxbloodclothing.com
3,https:comgrow.com,https:fajasmariae.com,https:cherryredvintage.com,https:dein-autoprofi.at,https:livefitstudio.ch,https:blacklabelgrooming.com,https:babuclub.in,https:creativeart.no,https:511tactical.fi,https:attractiondr.com,https:vigorgh.com,https:rad-daempferklinik.de,https:homebybe.com,https:hirdavatvar.com.tr,https:gnancy.com,https:kbobike.com,https:moonlightpaper.co,https:feetmint.com,https:mightychic.com,https:lisajilljewelry.com,https:xesnowboards.com,https:liftriseco.com,https:footballzero.com,https:ultimate-tip.com,https:myasianstore.com,https:scoo.shop,https:sweetlolli.com,https:itinyc.com,https:theexampros.com,https:fabrikstyle.com,https:thetenofficial.com,https:mindpreservers.com,https:odo-pro.com,https:kulahawaii.com,https:megasaver.com,https:fifty7kind.com,https:amphibiaeyegear.com,https:iylaclothing.com,https:skinbyshara.com,https:rootz.mx,https:flatlandersupplyco.com,https:naturalmantra.com,https:hairholistic.ca,https:cheerble.com,https:nicedup.com,https:nicopodworld.com,https:ukpreppingshop.co.uk,https:falksontents.co.za,https:inaessentials.ro,https:bodynutrition.com,https:andredistelphotography.com,https:productsbymobi.com,https:emmetrends.it,https:saltyseadogdesigns.com,https:onkron.fr,https:timelessfurnitureus.com,https:originate-clothing.com,https:pacifictrimming.com,https:coveredgirlcollection.com,https:bikiniomni.com
4,https:tuftandpaw.com,https:myglamusa.com,https:communitydrivingtexas.com,https:bundleandblooms.co.nz,https:motherearthproducts.com,https:savagestores.com,https:durafreshcloth.com,https:auntstella.com,https:iloveyogajeans.com,https:yummylifenaturals.com,https:bastide.com,https:impulseyou.com,https:avantcrystal.com.au,https:wooky.in,https:mirit.com,https:rvgd.co.uk,https:trawoc.com,https:liftherfitness.com,https:megamaster.co.za,https:puppiecollars.com,https:archerbrighton.com,https:sewsudberry.com,https:autopartsfaster.com,https:blindtigerrecordclub.com,https:merapashu360.com,https:bruceapparel.com,https:moderntyke.com,https:woodmate.it,https:samuraitactical.com,https:fabulove.co,https:legendebikes.de,https:pureattraction.co,https:gotharmy.com,https:aussiedecaldepot.com.au,https:menorah.in,https:somnolux.se,https:empiresewerandwater.com,https:nebuleusebijoux.com,https:medigitalagency.com,https:patriotstrong.net,https:superfoodsaustralia.com.au,https:southernyankeeteesboutique.com,https:newhydraulics.com,https:cover16.be,https:honeygroom.com,https:modernmattress.ca,https:localsurf.de,https:popgadget20.com,https:beautytrends.ug,https:prodoh.com,https:nyknitworks.com,https:youandme.shop,https:faundga.com,https:machonstam.com,https:health-nutrition7.com,https:aspensjewelers.com,https:cozyhomedecorco.com,https:holydeathshop.com,https:theshapelabel.com,https:compassrosedesignjewelry.com
5,https:peterdoarchive.com,https:vipjewelryart.com,https:bellasyard.com,https:thirtysixandoh.com,https:retourdechine.com,https:samsungstraps.com,https:myinstagrill.com,https:aleezastore.com,https:reflektiondesign.com,https:biocopper1.com,https:shopsiggnorthamerica.com,https:mre-empire.com,https:midnightplatoon.com,https:landairsea.com,https:mode-bruns.de,https:shopdeeslouisville.com,https:locksmithkeyless.com,https:deermama.nl,https:bondandseek.com,https:petsoftcare.com,https:honestroastcoffee.com,https:tpusamerch.com,https:turkishcharms.com,https:thetradersleague.com,https:proofcam.com,https:biokoma.com,https:xtreme.com.ph,https:annabeautyhairs.com,https:hushpuppies.hn,https:fabulyssboutique.com,https:cavfab.com,https:trendbargains.com,https:humidifiers.ph,https:kanaystore.com,https:magicdealstore.com,https:shopfse.com,https:smartbuyokay.com,https:emoryparkclothing.com,https:huskyfashions.com,https:daylightdesigners.com.au,https:mymedicaloutlet.com,https:guitarrasmarce.es,https:hawthornhandmade.com,https:monadorablefelin.com,https:naturebeeclean.com,https:lechaudron-librairie.fr,https:musicalexpressions.com,https:idahoboutique.com.au,https:worldcreatorz.com,https:my-healing-hands.com,https:bambamboom.com,https:jaymeesrp.com,https:craneandhome.com,https:wiwi.fi,https:cleancanz.com,https:tacticalsupplies.ca,https:hufworldwide.ca,https:shopwomanevolve.com,https:manoeverschluck.de,https:aether79.com
6,https:bryananthonys.com,https:aguahome.ph,https:ireadmiddleeast.com,https:cornholebags.com,https:yesarcade.com,https:maraseaweed.com,https:pocketunivers.com,https:customelectionsigns.com,https:insectdefend.com,https:fashiontrends1010.store,https:takeitfirst.com,https:zakka.co.nz,https:myhomeware.com.au,https:hiso.ca,https:handicraft.com,https:desiauthenticmart.com,https:dragonknightgames.net,https:cabeau.com,https:livingalbright.com,https:drmoto.co.nz,https:mimicrymetals.com,https:bazaar-foods.co.uk,https:onlyhydroponics.in,https:happyhiking.dk,https:furniture.ca,https:connectroasters.com,https:lakersalldayeveryday.com,https:svoltaride.com,https:justmaxfitnessnutrition.com,https:faceyoga.com,https:majormemorabilia.com,https:awarebarcelona.com,https:loggingsupply.com,https:honestflowercbd.com,https:jtkautoelectrical.com,https:trupido.com,https:hanadibeautyshop.de,https:celsaderm.com,https:insucculentlove.com,https:deltahairregrowth.com,https:helsinkischoolofcoffee.fi,https:amalth.com,https:alharamainco.com,https:thejamesbrand.com,https:nefestreasures.com,https:deltapearls.com,https:unit2fabrication.com,https:cobbler-union.com,https:shopblushlane.com,https:barevida.com,https:jkprom.com,https:auntienonos.com,https:health-emporium.co.uk,https:honeblends.com,https:authenticitybyallee.com,https:yaadivibes.com,https:crashingwavesdesigns.com,https:beekindus.com,https:iquitsugar.com,https:catherineangiel.com
7,https:grundens.com,https:doyoutechno.com,https:bratz.com,https:hobbyhimmelen.no,https:laurenceb-photography.com,https:ashleyhomestorenorth.ca,https:garlandstreetinteriors.co.uk,https:denbigharmysurplus.co.uk,https:egeradvantage.com,https:sharkroad.com,https:shopmodaboutique.com,https:zspecdesign.com,https:dermaclinique.fr,https:londoncosmetic.clinic,https:mrpetsupplies.com,https:lovefit.es,https:nikkissupplystore.com,https:aquapac.ca,https:anayvy.shop,https:eastviewcoffee.com,https:cinchedcollections.com,https:chadyclothing.ma,https:betterthannature.com,https:furfurfriend.com,https:mystarrychart.com,https:totalgympro.com,https:clekinc.com,https:drkezchirolab.com,https:swimswim.com,https:factoryauthorizedoutlet.com,https:gma-rockflowerpaper.com,https:kittenskollection.com,https:thirteen-thirtyone.com,https:shopgypsyqueen.com,https:miinbottle.com,https:comfortableshoes.com,https:avinoatelier.com,https:shopjoeandsue.com,https:lifestylemarketplace.com,https:motherlandessentials.com,https:twostepgarage.com,https:1pwholesale.com,https:machokiller.com,https:skarishop.fi,https:yanshoes.am,https:altijdlekkerslapen.nl,https:starlingshops.com,https:thechaibrewingcompany.com,https:tiberriver.ca,https:joymeribe.com,https:axlnivy.com,https:impresso.store,https:in-con-tro.com,https:americansuya.com,https:christianjamesco.com,https:growbaggardensystems.com,https:ion360.com,https:optimalnutritionandsupps.com,https:zillionaireindia.com,https:bigofertashop.com.br
8,https:livebearded.com,https:waxvessel.com,https:jugalkishore.co.in,https:tagliquorstores.com,https:goldclaw.com,https:autelrobotic.com,https:makemetees.com,https:vbeltguys.com,https:ryrakids.com,https:perfumedjewelry.com,https:therugbyworldshop.com,https:petsheaven.ae,https:antiqueengagementrings.com,https:limodou.com,https:puppeeshop.com,https:laboutiqueduflocage.com,https:josiesfriends.com,https:airebilapparel.com,https:lojagade.com,https:wearekittyhawk.com.au,https:fengshuigallary.com,https:oldbdolls.com,https:baby-mums.com,https:pasta.kitchen,https:howmanygenders.co,https:charlestonwhiteonline.com,https:localbmx.com.au,https:floridamaam.com,https:justairsoft.co.uk,https:factorydirectblinds.com,https:reincense.com.au,https:monkamoo.com,https:zoocrewfiretraining.com,https:customtoolbelt.com,https:baristaspace.com,https:bikinibodylife.com,https:foldcases.com,https:littlepuffyclub.com,https:watchry.com.au,https:thehappyisles.com,https:golfstitch.online,https:voodoodiscgolf.com,https:siennaalexander.com,https:gladskin.de,https:henderson-uniforms.co.uk,https:puppyfantasy.com,https:urbangymwear.co.uk,https:instinctbackpack.com,https:ttt-watches.com,https:houseofcomfort.in,https:fmsmodel.com,https:nrmauto.com,https:d-online-pf.com,https:oasisfloralproducts.com,https:halloffameltd.com,https:bespokehandmadeshoes.com,https:jledistribution.com,https:ceswole.com,https:thehighwayconnectionnj.com,https:ultramerchandise.com
9,https:cctv-direct.co.za,https:groundedfactory.com,https:gnistahandel.se,https:islandoliveoil.com,https:firststeps.us,https:pmcare.ch,https:luwelhair.com,https:penseberryfarm.com,https:multiverse-7.com,https:livelovelua.com,https:ninjersey.com,https:mofithome.com,https:maumshop.work,https:oakandhoneyleather.com,https:lespanacees.com,https:bracegirdles.com.au,https:blupeppermint.com,https:scubamerch.com,https:angelaflanders-perfumer.com,https:pdmarshmodels.com,https:adnstore.com,https:emeraldwateranglers.com,https:kellykettle.com.au,https:spiritdogsupply.com,https:kushni.in,https:neongods.com,https:swingproplus.com,https:donhatnoidia.com,https:berserker-coffee.com,https:fairkind.com,https:respekt.co,https:acousticbassshop.com,https:instantsoft.fr,https:out--of--order.com,https:noeh.shop,https:interiorsupreme.com,https:forthepeoplestore.com,https:kkbeautytherapy.com,https:scottseafood-orders.co.nz,https:copper3d.com,https:ukoalabag.com,https:dietz.se,https:mybaco.com,https:worldofdice.de,https:keliary.com,https:steladollsboutique.com,https:kailino.se,https:yoma-shop.com,https:miraclefurnituretampa.com,https:lcloyal.com,https:sofinas.com.au,https:sofa-shop.co.uk,https:mackandmav.com,https:cactuscorn.com,https:www.stayleantea.com,https:areyouawarewolf.com,https:lelieuideal.com,https:dpusoutlet.com,https:mymiamistyles.com,https:pacificlabservices.com
10,https:istorepreowned.co.za,https:pologize.store,https:brandandboujie.com,https:expressamoredonuts.com.au,https:540mercantile.com,https:rarefit.com,https:dishkiyaun.com,https:artedecora.com.br,https:silverdollarco.net,https:raisethebarfitness.com,https:shipsound.com,https:houseofrajah.com,https:ugly.com.sg,https:thedirtyheifer.com,https:skinjoy.co,https:luxxycloset.com,https:pnumaoutdoors.com,https:footsiellc.com,https:giftgalore.org,https:houseofbaby.co,https:parisawang.com,https:thenostalgiashop.co.uk,https:zensationcollection.com,https:tournesolbeauty.com,https:garzareyna.com,https:therashield.la,https:thelittlelookers.com,https:smartishhouse.com,https:foxtale.in,https:faisly.com,https:heymamashop.com,https:mynaturalbreeze.com,https:flowjo.co,https:miprimerregalo.cl,https:diamanthuset.no,https:mamian-online.com,https:snack-box.co.uk,https:whitelabelnoba.com,https:hofhockey.com,https:crumpler.eu,https:daisys-choice.com,https:blcompras.com,https:heartofthehome.com,https:byic.com,https:easywaystorage.com,https:tearepertoire.com,https:nirvanaorganic.in,https:herbalizestore.co.uk,https:asianfake.com,https:bellyangelshop.com,https:xojenny.com,https:outstandingnow.com,https:carloronaldi.com,https:themostcurls.com,https:brandcorner.com,https:ourpetportrait.com,https:nakashi.us,https:theskingrip.com,https:impressedbagco.com,https:imalreadydead.com
11,https:rentoza.co.za,https:1sourcetool.com,https:justnatural.co.uk,https:saasoh.com,https:getsecondnature.com,https:anfieldshop.com,https:tracksportsix.com,https:volcanie.com,https:revoir.com.au,https:crownedbyash.com,https:brasfieldgorriecompanystore.com,https:advancedarchery.co.nz,https:aplusproducts.net,https:selkbagusa.com,https:potsselection.com,https:tryhydrip.com,https:panaceaco.com,https:kimchiavocado.com,https:norefly.com,https:corcommerce.com,https:katyalove.com,https:champopgalerie.com,https:thetestingstore.com,https:cilemtunc.com,https:joycuff.com,https:privatedoctorbeauty.com,https:smobot.com,https:manossoap.com,https:roxannecassil.com,https:falcontech.com,https:luxechains.com,https:blendii.com.au,https:infsd.com,https:dreamypresets.com,https:ridegdm.com,https:bddwcollection.com,https:marketgreyboutique.net,https:upcyclerslab.com,https:cannygorilla.com,https:karmaboutiquemiami.com,https:chainsbydesign.com,https:itimewearables.com,https:completeequipment.ca,https:cocktailcollective.co.nz,https:theuglysweaterco.com,https:elevaso.com,https:batteredmen.com,https:elreypalomo.com,https:nostalgie-salzburg.at,https:wolfwise.com,https:customdesignschicago.com,https:earthlysecretsshop.com,https:yaasna.com,https:selasie.de,https:zano.nl,https:bumbunni.com,https:tailoreddetroit.com,https:aromafarmacy.pk,https:designerkidswear.ca,https:drizzlehq.com
12,https:chichomz.com,https:fredericatrading.com,https:resea-swimwear.com,https:notoxcosmetics.se,https:fashionaltamoda.com.au,https:halcyonrecreation.com,https:fodeez.com,https:javtoys.com,https:franciscocancino.com,https:clawbetter.com,https:ladylovegioielli.it,https:jungleathletic.com,https:oxely.com,https:markettimingorientation.com,https:seavine.co,https:jakesgoodnewport.com,https:mypaperpanda.com,https:honorluv.shop,https:superoutboardparts.com,https:gutters.co.uk,https:mallofproduct.com,https:tradieboots.com,https:smilingrocks.com,https:baobaobabies.com,https:medusa-art.co.il,https:littledreamstar.com,https:catschool.co,https:designercroccharm.com,https:bauernutrition.co.uk,https:famgifty.com,https:indigifts.in,https:morelli.co.uk,https:justgirlstuff.com,https:catwalkconnection.com,https:thelalalook.com,https:renewedhealthoils.com,https:correctiveskincare.net,https:wagandwipe.com,https:sweetlollapalooza.com,https:borntobogey.com,https:beatricebayliss.com,https:elmasclothing.com,https:ninety2reasons.com,https:lockhatters.com,https:boozashopping.nl,https:peterpan.com,https:viveplants.com,https:diemme.com,https:momprostore.com,https:lunasmooth.com,https:hotmesshustle.com,https:jumpilabs.com,https:theusefulshop.com,https:ninoblancosalsa.com,https:woofwoofwoof.dog,https:al-salamimports.com,https:melissourgion.com,https:rossiter.store,https:suzettecollection.com,https:flowlow.dk
13,https:smallwoodhome.com,https:glacierpac.com,https:perlesa.com,https:forestnaturalskincare.com.au,https:twelvewatch.com,https:facepaint.co.za,https:pabloandrustys.com.au,https:anykit.com,https:rowndivision.co.id,https:medi-wheels.com,https:fazmakerspace.com.br,https:thevapekitchen.com,https:babymori.com,https:nurished.com,https:lojainteligent.com,https:mamotacreative.com,https:pbgfk.online,https:tnpaccessories.com,https:shopluzir.com,https:trendingdreamz.com,https:brooklynbabyworld.com,https:blushberrybeauty.com,https:snatchedshaper.com,https:aluzina.co,https:lojacompraspower.com,https:coloridoh.com,https:sweet-surrender.biz,https:maisondefashion.com,https:sawangandhi.com,https:familybest1.shop,https:drchinsherbal.com,https:nutrivein.com,https:thebeehivemb.com,https:spraytansolutions.co.nz,https:jerseyhub.store,https:pushkinsbakery.com,https:cicidresses.com,https:burooj.co.uk,https:shop365christianapparel.com,https:seanhoyt.com,https:schoenstatt-patres.de,https:norwegiangiftshop.com,https:lilipubsorders.com,https:baggiesdeli.com,https:flockcall.com,https:kaeden.com,https:launiquebag.com,https:navitasoutdoors.com,https:hypiffy.com,https:tylerjeans.com,https:norsismortarandpestleherbs.com,https:factoryoutletsofasuperstore.co.uk,https:throughhislight.com,https:papos.shop,https:mylazylock.com,https:modernisterbooks.com,https:xoxx.pro,https:hxcsport.com,https:sweetessentialsstore.com,https:mybabymysoul.com
14,https:snuggiestore.com,https:beyondthethreads.com,https:flowerview.us,https:whytekventuresltd.com,https:ambarflowers.com,https:gonzafitness.com,https:revaxtend.com,https:yuyobotanics.com,https:thepositivestore.in,https:theaerusstore.com,https:legionofnoir.com,https:travelerstradepost.com,https:bangenergy.com,https:lions3.com,https:hayleyandrae.com,https:sensoryshack.com.au,https:importbike.mx,https:pilotlondon.eu,https:sportneslab.com,https:hammerandstainpottstown.com,https:traxionproducts.com,https:vintageharvestlumber.com,https:sleevly.com,https:rozentaljewelry.com,https:canissme.com,https:jolly-stitcher.co.uk,https:miraclewanted.com,https:akbadminton.com,https:missapril.com.au,https:familynestprinting.com,https:zarasy.com,https:elizabethfewstudio.com,https:theofficialaffirmationsstation.com,https:littlewaves.coffee,https:youfabes.com,https:pierredonna.com,https:nexmetal.com,https:onekeytoolbox.com,https:truewrld.com,https:shopthesoul.com,https:senblum.com,https:advacaresupply.com,https:knitoriousfabric.com,https:freshnmarine.com,https:enkiusa.com,https:sequentworld.com,https:homedecolondon.com,https:fivelittleacorns.com,https:beanvivo.com,https:bangorshed.com.au,https:livingbythestars.co.nz,https:qexell.com,https:bruckenfoods.com,https:monproduitmaroc.com,https:stuttgartdrygin.com,https:androgynousapparel.com,https:zobay.in,https:candyflossdoll.com,https:pinnaclesup.com,https:wearcalypso.com
15,https:lethnic.vn,https:dogeelyfe.com,https:mogulinterior.com,https:biancajewelers.com,https:houseandharbor.com,https:poga.gg,https:macrin.com.mx,https:hopehealthstore.com,https:techzmo.com,https:angar.in,https:casinodecks.com,https:jllawsonco.com,https:barriersworldwide.com,https:sarahgardnerjewellery.com,https:404archives.com,https:dfackto.com,https:tennesseepeanut.com,https:techproducts360.com,https:birdspianoacademy.com,https:blattshop.mx,https:vavvoune.com,https:rapsodia.com.py,https:thedoggydepot.co,https:athleticsystems.com,https:coochic.com,https:allofthelittlethings.com,https:gratefulprints.com,https:ellaswool.com,https:hellospajet.com,https:famiprints.com,https:jototes.com,https:heartglassess.com,https:perfectpearls.org,https:empiresmokes.com,https:yoyoboutique.com,https:vroders.com,https:timebombtrading.com,https:relieflabs.com,https:cabotcheese.com,https:schooltiters.com,https:prylkompaniet.se,https:furnish4less.ca,https:corinneandcrowley.com,https:play-e.com,https:praep.com,https:brewhaequipment.com,https:3dnwhyc.com,https:ilwti.com,https:pantyluk.com.mx,https:avantfinejewelry.com,https:tutelahandbags.com,https:zoharatights.co.il,https:deadcatmedia.com,https:thisiswhyiamnotbroke.com,https:bowlersasylum.com,https:floor-scrubber.com,https:grayfoxstrategic.ca,https:horizondevices.com,https:santeforhealth.com,https:vigorizante.tv
16,https:wavgrind.com,https:digidigigo.com,https:veronicavlopez.com,https:bespokebikelife.com,https:pradafitness.com,https:googous.com,https:lavisheshop.com,https:moxiemalas.com,https:kaboost.com,https:csxchampion.com,https:yourindulgences.com,https:littlehippie.com,https:guessandconfess.com,https:casinni.com,https:6ftclub.com,https:tokbeauty.com,https:apeiranthos.com,https:altastudios.shop,https:freshheritage.com,https:gillieandmarc.art,https:domingoguyton.com,https:licorne-kawaii.com,https:medulacbd.com,https:jazzyorganics.com,https:asebeauty.com,https:homeidea.com.au,https:vitalequipment.co.uk,https:jackjonesshop.lt,https:lustauflicht.de,https:fanatixcigarhouse.com,https:myhabox.co.uk,https:oklulu.com,https:necklacefromheart.com,https:ethikaaustralia.com,https:harrimanarmynavy.com,https:quiquattro.com,https:tapisrugs.com,https:dsylifestyle.com,https:local-yokels.com,https:getwirelesstech.com,https:nuuroo.com,https:hexocare.com,https:beardvapeco.com,https:terapung.com,https:kamaribeauty.com,https:schemeseason.com,https:dakotastones.com,https:boozebuddy.ca,https:leezza.com,https:palcampaign.com,https:mymodernangler.com,https:sofaclearanceoutlet.co.uk,https:milaandpaige.com,https:burlote.com,https:sabrinamaria.com,https:busybudgetershop.com,https:cancuddler.com,https:rearspray.com,https:husk.com.au,https:mydailydeal.com
17,https:cleetusmcfarland.com,https:fietsweb.nl,https:chrismar.com,https:jawflex.com,https:desdental.com,https:moneyiv.com,https:alpinewoodshoppe.com,https:dalebrisby.com,https:innitiwear.com,https:willaandco.com.au,https:timelessmatter.net,https:athleticsmotionusa.com,https:bearmattress.com,https:sci-fi-city.com,https:shoepassion.com,https:shopdomibaby.com,https:thelemonadestand.ca,https:famous.nl,https:thecockycloset.com,https:sexytoychest.com,https:ytmfinnovation.com,https:myviida.com,https:yellohippo.in,https:raspberryplum.com,https:sanefull.com,https:pauzeatelier.com,https:toyl.co.uk,https:caxap.online,https:opticalfactor.com,https:fanchest.com,https:kbigstore.com,https:talinmarket.com,https:thejewelrylightingexperts.com,https:majomedicine.com,https:junipershealth.co.uk,https:yoyodecor.com,https:studioramiii.com,https:silverstro.gr,https:mykitchen.co,https:theplantrunner.com,https:pro-smoker.com,https:aakruthicollections.com,https:guysandco.com,https:thepmcycles.com,https:superwood.gr,https:drinkzyn.com,https:welleco.co.uk,https:fusionfitshop.com,https:annkang.com,https:godsgreenery.com,https:bubbliciousbathbombs.com,https:hair4men.de,https:moonco.co,https:mrsbrownsboys.com,https:humblejuiceinternational.com,https:aliciaklein.com,https:tummytoys.com,https:vincita.cc,https:laurenconradbeauty.com,https:legacyfarmscoffee.com
18,https:rodelag.com,https:wolffashion.de,https:leglockerofficial.com,https:bestofglass.co,https:krakenhits.com,https:sherhealthcare.com,https:marbles-jp.com,https:carpetism.com,https:sukiiboutique.com,https:paintingsonline.com.au,https:arfurnitureonline.com,https:kozaimodern.com,https:bembien.com,https:uimother.com,https:bottegasicana.com,https:tackticalbrand.com,https:lilyroseco.com,https:seamanschepps.com,https:amorregio.com,https:rustybirds.com,https:fellspointsurf.com,https:accaproducts.com,https:elevenxthebrand.com,https:alice.com,https:anorakmagazine.com,https:thinkflipped.com,https:miracleflowers.net,https:gripsupportstore.com,https:exoticmusicproduction.com,https:fantastapack.com,https:priyafoods.com,https:bungalowsam.com,https:greenlawnsupplies.com.au,https:marrsmakers.com,https:hustlelibrary.com,https:bravebrownbag.com,https:flexipillow.com.au,https:calicea-paris.com,https:erapetcollective.com,https:mysofee.com,https:qsun.com,https:plantvault.com,https:thelusciousbedcompany.co.uk,https:thepowdershampoo.com,https:nivaqo.com,https:dailygrind.com.au,https:wildnutrition.com,https:nutrikitusa.com,https:theluvcase.com,https:gma-threebythree.com,https:thelingerista.com,https:oskarandklaus.com,https:fightinggraves.com,https:officialhumidify.com,https:legadoeurope.com,https:homehavenfurniture.com,https:charmcine.com,https:brixtonbaker.com,https:irisandromeo.com,https:gandhi-bazar.com
19,https:simplywhispers.com,https:clmhome.co.za,https:urban-shift.com,https:lalitasartshop.com,https:shadycatsocialclub.com,https:buchwelt-online.de,https:byophelia.ca,https:ipawnishop.com,https:emeraldcityguitars.com,https:ladyloved.com,https:force1rc.com,https:balancesportsnutrition.com,https:blindbarber.com,https:disfracesgamar.com,https:corrsirishshoes.com,https:elitemusicsales.com,https:luna-jewels.fr,https:theknittinglounge.com,https:littlefreddie.com,https:fullkk.com,https:toolstorez.com,https:vaporizer-distribution.com,https:followbest.com,https:boostceuticals.com,https:hardstyleaustralia.com,https:thrass.com.au,https:ringsbypristine.com,https:essentiallifeshop.com,https:jackcaddie.com,https:faribaultmill.com,https:allinoneplacewithus.com,https:muladora.com,https:noodco.com.au,https:tanacioustanning.com,https:woodzdark.com,https:homeofficeworkoptions.com,https:scruffypawsnutrition.com,https:jighead.ae,https:nona-source.com,https:speedgateway.net,https:kltlifestyle.com,https:thompsonwoodart.com,https:pelvia.com,https:kamadojoe.com,https:bestlearning.com,https:stellarevolutiondesigns.com,https:dealzcentral.com,https:gobrixy.com,https:babesinarms.com.au,https:4fellas.com,https:adorethedecor.com,https:first-stripes.com,https:myrecoverybox.com,https:lifesaboutchange.com,https:cyclestopvalves.com,https:getkraft.co,https:vest-sauna.com,https:quirksmith.com,https:cysterwigs.com,https:reefbeauties.com
20,https:comvita.com.hk,https:labelledayspas.com,https:americanunagi.com,https:violetandmable.com,https:challengeweightedworkoutwear.com,https:tamsshoemakers.com,https:skinhappy.com,https:brewcaps.store,https:mgaegames.com,https:annawayz.com,https:wahtea.com,https:spagoddess.com,https:smokshop.ma,https:littlecharliesgourmetcookies.com,https:bestfloorfordogs.com,https:royalimperialfood.com,https:stanforddistributing.com,https:quickcandles.com,https:vassoul.com,https:ergonbike.shop,https:fourgreen.com,https:rockthevibe.com,https:mastels.com,https:discountbuilders.co.uk,https:storyenginedeck.com,https:artisticpod.com,https:pawsoffthetable.com,https:gilty.com,https:nutricare.co,https:farmtofit.com,https:trentz.co,https:flexbody.shop,https:ant-shack.com,https:backpainreliefshop.com,https:collagyo.com.br,https:hedefkutusu.com,https:heavenfresh.com,https:2sable.com,https:oshico.net,https:carfume.co.uk,https:designbyhalo.com,https:littlepetworld.com,https:excelmark.com,https:himalayawellness.in,https:taylorwolfeshop.com,https:nubianbeautyshop.com,https:wovostore.com,https:chandanfashion.ca,https:nancy-gordon.com,https:rayalcollection.com,https:sportshai.com,https:alsalley.com,https:funnybonetees.co.uk,https:blackarchholsters.com,https:becomingjewelry.com,https:khromaherbs.com,https:sugarron.com,https:huntedgoods.com,https:summitspa.ca,https:sandednbranded.com
21,https:pdp.com,https:laguna-laguna.de,https:houseofkoko.eu,https:topoftheworld.com,https:modandjo.com,https:tropezofficial.com,https:mvpsportsshop.com,https:healingshackstore.com,https:dropnpop.com.au,https:fashionrep.com,https:horizonorder.com,https:orangescarf.com,https:cabanalife.com,https:mymasjidal.ca,https:milosushi.com,https:royalsportinghouse.com,https:beautyfaire.co.uk,https:mysticandcosmos.com,https:fsmedlabs.com,https:ecosmartlighting.com.au,https:melsmmsoycandles.com.au,https:docandmark.com,https:liinastein.ee,https:voozi.co,https:theaegiftshop.com,https:vitalehome.de,https:clearstadiumbags.com,https:krowndolls.com,https:ebuyuae.com,https:farwellfruitfarm.com,https:mesudalapolla.es,https:schatzcattanispa.com,https:amorandgrace.com,https:standardissue.co.nz,https:divinecasa.com,https:arcaet.com,https:nautiquetahiti.shop,https:decolonizingfitness.com,https:alpine-division.com,https:antirainstore.com,https:onbrandproducts.com,https:brchbrand.com,https:mecarnic.com,https:thesuperiormane.com,https:firemountainfruit.com,https:heods.com,https:jesslambert.com.au,https:mirusah.com,https:aboutadog.com.au,https:thespacelights.com,https:elgran.cafe,https:gutterprovac.com,https:shopgardenparty.com,https:eastthirdcollective.com,https:luxecouturefashion.com,https:cardshopsantaclara.com,https:vigano1919.it,https:littleheirbrain.com,https:aircooledvintageworks.com,https:avocuddlelife.com
22,https:golo.com,https:adornbeautyenhancements.com,https:ketochefs.co.uk,https:coupleofhustlers.com,https:magnafabrics.com,https:cachecoeur.com,https:statementgoods.com,https:shopnps.com,https:asiangoodsdvd.biz,https:colcocoffee.com,https:aquaristsacrosscanada.com,https:mandosparagaraje.com,https:kaizenactivewear.com.au,https:withcharacter.com,https:ishbeauty.com,https:nakafinland.fi,https:guardianhorseproducts.com.au,https:airplantcity.com,https:freshplus.com.tr,https:bulzaar.com,https:flosmall.com,https:hookupbaits.com,https:kingofthemountain.com,https:shoprebelcandles.com,https:wraptie.net,https:the815.co,https:horselands.co.nz,https:thewestvillage.com,https:vitapodworld.com,https:fashionablecanes.com,https:lenamooncreations.com,https:evergreenofficespaces.com,https:neonboots.es,https:inovautilidades.com.br,https:degoutter.de,https:halalstocks.co,https:worldsportcup.com,https:freedomtradeinternational.org,https:amethystcoffee.co,https:shaperivy.com,https:revcook.com,https:niliso.com,https:neafs.ph,https:nonothing.us,https:prosportgauges.com,https:buythecase.com,https:expion360.com,https:cockblocktoys.com,https:sweatybstore.com,https:willingandtable.co,https:undergroundspirits.com.au,https:packsys.com,https:goeverythingbeauty.com,https:khinkhwab.com,https:happyplugs.com,https:eciguaeshop.com,https:herosoutlet.com,https:borahaebubbles.com,https:lesss.co,https:vilarie.nl
23,https:thewalkingcompany.com,https:dinleal.com,https:havucosmetics.fi,https:molten.de,https:trendinbox.com,https:spatulafoods.com,https:unfolloworld.com,https:biotrendsfrance.com,https:r3vitalize.com,https:supribuy.com,https:katanadomain.com,https:bounkit.com,https:cerberus-strength.us,https:chirobackboard.com,https:lmbling.com,https:geekpins.com,https:smartsolarfountain.com,https:madejacksonhole.com,https:sim-pli.city,https:zapateriamaestra.com,https:shysiren.com,https:trendify.pk,https:banditosinc.com,https:brytwork.com,https:profresh.com,https:ourboathouse.com,https:endlessblushop.com,https:granajewls.com,https:blueangelshearing.com,https:fashiondb.ch,https:depechemode.store,https:stardomcorporate.com,https:sewingparty.com,https:runthering.co.uk,https:cozacozy.com,https:mrwaterman.ca,https:360wholesales.com,https:massivemusicstore.com,https:hellosunnyshop.com,https:marjurio.com,https:sunbucks.co,https:dearcleo.com,https:ldrobeclothing.com,https:olananiacuoasis.com,https:slimmeryou.eu,https:winecoolercollection.com,https:sprudelwerk.de,https:ozzymanshop.com,https:breakitdwn.com,https:aptica.be,https:oceanviewcity.com,https:sarak.cl,https:drpen-usa.com,https:toydepotstore.com,https:memorylanelamps.com,https:saudadeonline.com,https:maison-berger.de,https:performled.ca,https:wickcreative.com,https:coben.shop
24,https:stomastoma.com,https:mickeytrescott.com,https:drillbitsunlimited.com,https:piercinginspiration.com,https:moramora.mx,https:seewelllookbetter.com,https:leadershipbooks.store,https:iridesseskincare.com,https:www.lettersgreekapparel.com,https:sparklemycar.com,https:gripptek.nl,https:caravanandco.co.nz,https:solutionsm3.com,https:impactfirepits.co.uk,https:fidgetgear.com,https:taofficial.com,https:furohealth.com,https:cleaningequipmentdirect.com,https:adax.dk,https:janewin.com,https:fapdale.com,https:vsbskincare.com,https:headturnerscarclub.com,https:bleeckerandprincetlv.com,https:buycontactsonline.com.au,https:woody.co.at,https:fpsprotein.co.uk,https:porkiloyagranel.mx,https:nakheel.com.au,https:fastracer.com,https:bumble-and-be.com,https:shapebaeby.com,https:espinozasleather.com,https:southernidaholandscapecenter.com,https:modellandmarks.com,https:umi1.co.uk,https:kellymarie.ie,https:espritchakras.com,https:neeche.com,https:simplysavannahboutique.com,https:triodream.com,https:petersongroves.com,https:snatchd.clothing,https:frankgreen.com,https:mrandmrshill.com.au,https:casefinite.com,https:yrstudio.co.uk,https:fastlaneapparel.co,https:jakepaul.com,https:zepfsurgical.com,https:ladamedesgribouillis.fr,https:thingsincommon.com,https:ana-heart.com,https:heiressbeverlyhills.com,https:chic-puppy.com,https:lostforestproducts.com,https:mileseeytools.com,https:catalystlifestyle.com,https:vivodesign.dk,https:pperpetual.com
25,https:machines.com.my,https:shopcosmeticstreet.com,https:mattinacoffee.com,https:bellablueearth.com,https:techyreviewz.com,https:ouistitine.com,https:erickajproducts.com,https:car-accessories-store.com,https:catjaniga.com,https:mafoose.com,https:performancemetals.com,https:newatersofteners.co.uk,https:edinakiss.com,https:trend-curator.com,https:honestlysweetgifts.com,https:papivende.com,https:simplekeyz.com,https:shop-folk.com,https:labelmatch.com,https:cmpautoengineering.com,https:orchans.com,https:knit-ted.com,https:shopdecorator.com,https:commercialight.com,https:rcpapa.com,https:amariastudio.com,https:farmhouseinc.com,https:partparcelgifts.com,https:twogunsespresso.com,https:fasttractraction.com,https:airgymwear.com,https:shopogenie.com,https:ukieology.com,https:flexingpets.com,https:anchorspet.com,https:geektankgames.com,https:mylittlemap.com.au,https:westivoryled.com,https:backtosport.com.au,https:naturel-le.ca,https:urban-state.com,https:wildatheartboutique.com,https:pmhomeny.com,https:holz-brueder.de,https:bywirelabs.com,https:gmpharm.net,https:repose-home.com,https:shopabloom.net,https:capitalmedicalsupply.ca,https:miracobeauty.com,https:cossky.co.uk,https:amorium.com,https:vanalifefoods.com,https:hatstacksonline.com,https:shorelinez.com,https:raynrose.com,https:homestuffplus.co.uk,https:murtoo.com,https:wallyslights.com,https:totadventures.com
26,https:yottamaster.com,https:nsboutiques.com,https:thejourneyoftongue.com,https:theastralboutique.com,https:pinkandnavyboutique.com,https:adprivatebartending.com,https:painaway.com.au,https:sunshineglamour.com,https:shopbbj.com,https:womensbest.de,https:golfnow54.com,https:cityhonda.co.nz,https:twistedgoods.ca,https:waitingroomtoysnfurniture.com,https:splendid-organics.com,https:arielleshoshana.com,https:vesttribunen.dk,https:alwaystoast.com,https:shopthegirlsroom.com,https:nino.studio,https:ovulhealth.com,https:elegancebeauty-paris.com,https:feyra.se,https:montret.com,https:cyclery.com.au,https:honig-klause-heidenau.com,https:oaklandmorehouse.com,https:sapu-upcycle.com,https:10plustoys.com,https:fatalgrips.com,https:jazzyzebra.com,https:copaceticcosmetics.com,https:loverys.com.au,https:motorcityrefinish.com,https:borgmotorsports.com,https:gutsyshop.com,https:out-fit.org,https:americantentandsidewall.com,https:dona-store.com,https:sportsjewelrystore.com,https:terrapesca.com,https:getpurecraft.com,https:vegethreads.com,https:nu3.ch,https:cosmosjewellerystore.com,https:thebabywarehouse.ca,https:pearlhoneyspreads.com,https:rehabroller.com,https:carasebocas.net,https:twogreenstones.com,https:mistolino.com,https:lovedollpalace.com,https:shopsimplecollective.com,https:ufqaviation.com,https:clubhousesocials.com,https:niceshops21.com,https:electricheatsource.com,https:nunoo.dk,https:drivire.com,https:freebirdshears.com
27,https:josephjoseph.com,https:eaune.com,https:thegamechamber.com,https:campcanon.ca,https:airssential.com.au,https:festoolnirvana.com,https:voordeelmepper.nl,https:herbandmyth.com,https:paulineshair.com,https:dkl888.com,https:barrecore.com,https:cookandnelson.com,https:coletteandsebastian.com,https:australianfitnesssupplies.com.au,https:fioricoffee.com,https:aedeluxe.com,https:thebitterhousewife.com,https:dreamshopzilla.com,https:performsport.dk,https:tomahawkusa.com,https:swimworld.net,https:sirraymondtailor.com,https:prodoughshop.com,https:mmsurplus.com,https:prosocks.nl,https:shopretrokicks.com,https:sovereignarm.com,https:cestbeau.co,https:despetitshauts.com,https:fathead.com,https:mshair.com,https:happinessisastateofmine.com,https:joeboxer.ca,https:redgirl.com.br,https:latterdaypoets.ca,https:innisfreeaustralia.com.au,https:soleguardusa.com,https:kulture.store,https:borncopenhagen.com,https:bexcoffee.com,https:valasmall.in,https:thomasblonde.com,https:reputevision.com,https:pockyball.com,https:valiantpet.com,https:shawtyredinc.com,https:loopsforlittles.com,https:shopbenjey.com,https:101studio.co.uk,https:marshalwallet.com,https:meowystudio.com,https:antelopeshoes.com,https:joulescope.com,https:getyourpulse.co.uk,https:linenshed.com.au,https:vytabotanicals.com,https:intermission.com.au,https:clashofcorgis.com,https:healthdepotusa.com,https:boomrockevents.co.nz
28,https:fifinemicrophone.com,https:tarwano.com,https:mariashireen.com,https:bolstr.xyz,https:lolocann.com,https:plusbydesign.com,https:standbychef.co.uk,https:susanjablon.com,https:www.saunakultur.ch,https:doorpost.pk,https:camelflage.com,https:cosplaykingdom.co.nz,https:daisylili.com,https:aarafelisart.com,https:twentyonetonnes.com,https:hawaiideepseafishing.com,https:nordlily.com,https:alphakeri.com.au,https:shoplaurelsonwhyte.com,https:theparadigmstore.com,https:pourlavictoire.com,https:tiendacuadritos.com,https:holocaustomusic.com,https:voltageconverters.com,https:22degreeshalo.com,https:wrapmegifts.com,https:rockerbyedestash.com,https:anteyecam.com,https:malibubronze.co,https:faurelepage.com,https:lexuma.com,https:tirechainsrequired.com,https:sakeinn.com,https:georgiapeachhair.com,https:breazygreen.com,https:car-care.it,https:sfa100.com.au,https:enofaber.com,https:somavedic.cz,https:tier-one.eu,https:shopwharf.com,https:cristobalcreative.com,https:civillyrighteous.com,https:skinovance.com,https:kathysueanns.co.uk,https:lemonjellyusa.com,https:choonkie.com,https:strepsils.co.uk,https:elelastico.com,https:rockcitykicks.com,https:bucciot.com,https:humperbumper.com,https:oxiae.com,https:design-packs.com,https:hardwarephilosophy.com,https:shopamericanhero.com,https:rattleandroost.co.uk,https:inchingindia.com,https:ultrasonicsmile.com,https:amazingtrendz.net
29,https:yarn.com.au,https:pirolavarese.shop,https:greeninfini.com,https:conspire.world,https:braveboxfromukraine.com,https:pomponette.ca,https:paintgard.com.au,https:andalou.com,https:cyrcraft.com,https:marcottesports.com,https:mocassi.fr,https:crewroom.co.nz,https:cartalia.co.uk,https:karinabrez.com,https:salera.com.au,https:masktime.co.uk,https:ranchjacksonhole.com,https:brunsh7.com,https:alligatorworld.com,https:sightandsoundgallery.com,https:killerbeeshoney.com,https:gma-merge4.com,https:cp4l.com,https:deluxeclub.com,https:unfazed.ro,https:u5japan.com,https:thecrayolastore.ca,https:toriilabs.com,https:oombrand.fr,https:favoriteusa.com,https:lebonheurdespetits.com,https:roam-wild.com,https:amberjaipur.com,https:theflyestintheroom.com,https:pixlycase.com,https:wildandgorgeous.com,https:cheflowell.com,https:megamoonstore.com.br,https:diveportablelungs.com,https:rockandroadperformance.com,https:honeyandpearls.de,https:lakiwibaby.com,https:love-echo.com,https:thungourmet.ch,https:misasanmart.com,https:seaislandcoffee.com,https:personalizedtasbihs4u.com,https:lazybakingstudio.com,https:louvellewear.com,https:mayvninteriors.com.au,https:theglamwagon.com,https:hardinsnaturalfoods.com,https:leanboard.us,https:globalexpress.gr,https:ndubdesigns.co.nz,https:thesanctuarybne.com,https:puresmusic.com,https:crispy-club.com,https:rakhifashion.com,https:aluxme.com
30,https:patisserie-valerie.co.uk,https:ayvelapparel.com,https:puppypaws.co.in,https:barajasmarin.com,https:amznep.com,https:thetalkingshirt.com,https:growingreleaf.com,https:jbe-books.com,https:robertsferrygourmet.com,https:eurofruttabergamo.it,https:atomicemotions.com,https:dandiestore.co.nz,https:yellowsubtrading.co.za,https:blvck.pl,https:manara.com,https:healthish.co,https:hotpinktransfer.com,https:mabroukimports.com,https:tansartoy.com,https:giftswithvision.ca,https:noebouture.com,https:agorav.com,https:mcevoyranch.com,https:greatamericangriller.com,https:cozy-tights.nl,https:saltcreekmercantile.com,https:organoleaf.com,https:jessandpats.com,https:holysouq.com,https:fcdlabels.com,https:grantwoodtechnology.com,https:rockposters.com,https:tachic.com,https:live-beautifully.net,https:diloro.com,https:nonique.nl,https:sunburysupplyco.com,https:mamaandmisse.com.sg,https:ranchchiccorral.com,https:adamidolls.com,https:novodealshop.com,https:sutrofootwear.com,https:allpawsstore.com,https:noanoa.com,https:thefindfw.com,https:shemariehair.net,https:acajoe.co.za,https:loseapounddaily.com,https:vaerupcycled.com,https:saucyllamafoods.com,https:coveredinsin.com,https:zooqit.com,https:deinegeschenkewelt.com,https:phen24.es,https:penny-black.co.uk,https:anniescollections.com,https:xprmotorsports.com,https:weylynapparel.com,https:wonderliving.dk,https:shoppingtime.pk
31,https:diners.com.pk,https:heelc.com,https:estantedoguerreiro.com.br,https:totaltradejp.com,https:skielka-designschmuck.de,https:ponyliebe.de,https:bymelanie.dk,https:cgin.jp,https:dailyrotoshop.com,https:jrozenbroek.com,https:bebeparadies.ch,https:tsukibox.com,https:simplikids.com.au,https:iamsloth.com,https:nigella-sativa.com,https:okurastore.com,https:dglamgirls.com,https:vela.life,https:virali.nl,https:zinmark.com,https:ukcbd.com,https:bowmanaudioendeavors.com,https:milfordcaramelcompany.com,https:plantationblue.com,https:nextsystems.gr,https:samuelelkinsworkshop.com,https:mdrnrockstars.com,https:spiralspectrum.com,https:recliners.la,https:featclothing.com,https:ccache.cc,https:nolivebaitneeded.com,https:obirik.com,https:lafiole.fr,https:unidenonline.com,https:myledcubes.com,https:globalblackdiamond.com,https:ettooil.com,https:orolay.com,https:hobbyshop-notonly.com,https:kailanisports.com,https:zacoi.com,https:vermonttrooperstore.com,https:pokocbd.co.uk,https:4yougirl.com,https:creditlife.us,https:imminenceswe.com,https:ropeshop.rs,https:aletakarstad.com,https:nofreecoffee.co,https:thehappybodyplan.com,https:medprosg.com,https:makemedigital.shop,https:macshooter49.com,https:icyjar.com,https:elpasosaddleblanket.com,https:three-clicks.com,https:westernwatches.com,https:sleepdoctorpm.com,https:ecofreax.ca
32,https:befound.co.kr,https:sketchmywedding.com,https:cafehsp.com,https:sarahanneandlittlelion.com,https:greensburymarket.com,https:onhypeshop.com,https:snorkelrecords.com,https:nutritionistdeepa.com,https:mountaineerbrandrx.com,https:pwrpux.com,https:cryptstore.com,https:hanford.com.ph,https:dandydelmar.com,https:laforgedor.com,https:estninetyseven.com,https:theessentialjewels.com.au,https:shoppiusa.com,https:badaisinternational.com,https:treeo5ive.com,https:anteeotea.com,https:gx-diffuser.com,https:bycharlesking.com,https:belonacl.com,https:saciartdesign.ca,https:retinoltreatment.com,https:aiistore.com,https:culturetheorie.com,https:revcamsecurityeirl.com,https:prettysee.com,https:fedomajewellery.com,https:ophaneen.com,https:festivalcafenyc.com,https:okena.co,https:bootroxx.com,https:dopeearrings.com,https:korobidesign.com,https:chiclove.shop,https:chircotshirts.com,https:loftyfiber.com,https:qhlabs.us,https:shopyox.com,https:shopherbifi.com,https:redemptiontactical.com,https:makselife.com,https:petalsinbloomfarm.com,https:thestickerparty.com,https:breathelikeafish.com,https:cocodechom.com,https:crtfd.com,https:dyricentrum.com,https:sneakerstopny.com,https:flowerdeliverynyc.com,https:wiggonline.com,https:kurasu.kyoto,https:babykingstores.com,https:belliesinc.com,https:altagioielleria.eu,https:apareciumdesignco.com,https:theveganlocal.com,https:mojotrend.com
33,https:biodermis.com,https:fittofly.bm,https:mnmlluxury.com,https:k1racegear.com,https:tkanderson.com,https:wellnessandbeautystore.com,https:pgearmotorsports.com,https:lovethatlasts.store,https:fanrek.com,https:coldclutch.com,https:ma-ka-rohn.com,https:dogandcountry.co.nz,https:missboogerspetsupplies.com,https:pureflawlessboutique.com,https:instance-officiel.com,https:pascol.it,https:bodyiva.com,https:studioproper.com.au,https:moopk.com,https:maisontini.com,https:lapasobien.com,https:supervapestore.com.au,https:casavecchia-wineshop.it,https:borgeseidea.com,https:beautyfragranze.it,https:gizmoswala.com,https:weelittlebubs.com,https:patangroup.de,https:nipagandhi.com,https:feelthestretch.com,https:simplesugarsskincare.com,https:royal-donuts.be,https:mamak.shop,https:livingrawtreats.com,https:kidsdreamcars.com,https:day-et.co.uk,https:apcanopy.com,https:chikaragear.com,https:likedeinstyle.ch,https:mountvernonbarbell.com,https:solisluna.com.br,https:shopingood.com,https:lemidecor.com,https:nakedpastor.com,https:wirelesscharg.com,https:socialgrowthengine.co.uk,https:sportsgiveaways.net,https:pawmint.com,https:loteandco.com,https:inmotion91.online,https:triplebrecords.net,https:somni.co.nz,https:alooatta.com,https:fixhome.com,https:superz.eu,https:jewelry3dstudio.com,https:pinkmarkergadget.store,https:katvanduinen.com,https:vspotvapor.com,https:darkmatter.store
34,https:dior.co.kr,https:gabiskin.com,https:mon-jouet-montessori.com,https:matadors.co,https:noorangi.com,https:mosobam.com,https:twowayradiogear.ca,https:australisherbolaria.com,https:midwestdesigncompanyks.com,https:iwailoft.com,https:heresangela.com,https:miafratino.com,https:duschhaus.de,https:littletoytribe.com.au,https:wriststory.com,https:lookethnic.com,https:zlhulahoops.com,https:electronicsplanetyyc.com,https:bboxbaby.com,https:ikonicstyle.com,https:reykjavikposters.is,https:multihorno.com,https:originalmineralpro.com,https:rakidea.fi,https:norcrossandscott.com,https:sneakersetc.co.uk,https:renaleviskincare.com,https:littlecozmo.com,https:flowerandspice.com,https:feelyoursoul.com,https:mattiacapezzani.com,https:delifrance-eshop.sg,https:kitchoria.com,https:smilingtimes.com,https:originone.in,https:flatoutapp.com,https:miplacard.cl,https:tallowandsteel.com,https:citotop.com.au,https:highleveltekstil.com,https:gopalcorp.com,https:crabtreeandevelyn.com,https:www.urbanscissorsindia.com,https:nerdebutikken.no,https:apartmentclothing.com,https:victare.com,https:danzarteb.com.mx,https:zudo.co,https:nextfield.co.za,https:22andunder.com,https:enduresurvivalkits.com,https:eloquentwatches.com,https:angeliccelestialcolours.co.uk,https:feetalkworld.com,https:brighteyedfortreasures.com,https:theveruspress.com,https:bodygoldhealth.com,https:cargandopagina.com,https:capguard.us,https:vintagemattituck.com
35,https:dodoskin.com,https:pintamar.com,https:thehempdivision.com,https:aromit.fi,https:thefungaljungle.ca,https:exceedfootwear.co.uk,https:econovo-shop.de,https:jdmwheelpros.com,https:baismora.com,https:jollydog.com,https:silkn.com.au,https:mantarlamps.com,https:dibsbeauty.com,https:t-d-g.net,https:thecrate.ie,https:cavalheiro.life,https:zednero.com,https:theatlasbrand.com,https:glassu.com,https:amberproducts.com,https:edicanaturals.com,https:bimbundle.com,https:tranceboutique.com,https:re-fabbedboutique.com,https:spidertoolholster.com,https:maresalbeach.com,https:anti-brass.com,https:wilsondorset.com,https:bandofozstore.com,https:fellowbarber.com,https:bicesterraw.co.uk,https:printstick.shop,https:brickcityboxingla.com,https:oneplanejane.com,https:stonecreek.eu,https:glovesinabottle.com,https:woodlore.co.nz,https:hoodiefit.com,https:eliqapparel.com,https:dalosdream.com,https:wearemassiv.com,https:weeviloutdoor.com,https:clothesforbreakfast.com,https:notorious-lift.com,https:proguardsports.com,https:furnica.de,https:bankableis.com,https:dcgunsales.com,https:muggalicious.com,https:anchormagnets.com,https:gloryofficialth.com,https:thegadgetslord.com,https:hazardsnbogeys.com,https:donlucas.com,https:onlydopethings.co,https:minortaur.com,https:drclareapothecary.com,https:firebox.co.in,https:hatay.de,https:totallytaylored.com
36,https:dpto.la,https:thriftygobbler.com,https:myfacedr.com,https:stylegal.com,https:shopinspiremehomedecor.com,https:gripmode.com,https:life-offline.com,https:ethera.ro,https:gendrcosmetics.com,https:toyruz.com,https:prophetskincare.com,https:goflipside.com,https:shurhold.com,https:terrapax.com,https:eyeknowright.com,https:trylumbartherapy.com,https:bianca.com.au,https:kryzeus.com,https:revolight.com.au,https:danceelite.hk,https:beautyosophy.com,https:conviction.co.nz,https:nkdbike.com,https:shopsnobcloset.com,https:pascalpress.com,https:wishkaa.com,https:fumessential.com,https:urcsilver.com,https:moorevintage.com,https:fempirebuilders.com,https:youvogue.in,https:naomilodgecollection.com,https:mandhtraders.com,https:robertgordonaustralia.com,https:bozsky.co,https:devti.co.uk,https:lojadoduda.com,https:fusionframesnw.com,https:darlingdiva.vn,https:secondbag.ch,https:everesttradingco.com,https:amazingliving.dk,https:giftsdesign.com.sg,https:santiniboutique.net,https:fantanvictoria.com,https:labists.com,https:altruisticscribeco.com,https:tablehockeyplanet.com,https:themodeltraitor.com,https:tala20.com,https:fandle.com.au,https:infuzehydration.com,https:zissuthemes.com,https:www.steelclothing.com,https:jvcshop.co.uk,https:powerlete.com,https:potionvape.com,https:seshtees.com,https:odyldesign.com,https:tookstore.com
37,https:fanjoy.co,https:shinyeight.com,https:tenscare.co.uk,https:uzhamonline.com,https:boroandbeyond.com,https:labessentials.com,https:theloftoncourt.com,https:jeepandtruckparts.com,https:slglobal.shop,https:rm-cart.com,https:onestoppetshop.ae,https:windmillair.com,https:drift.co,https:getawaybox.cl,https:cottonvillage.in,https:yourcrawlspace.com,https:theauralumi.com,https:bellanottestocking.com,https:coastlines.co.nz,https:zeeclo.cl,https:devotedstore.com,https:esjoy.es,https:rocksolars.com,https:hollywoodglamfurniture.com,https:balmshope.com,https:extensioneslei.com,https:marvesol.com,https:sarahandabraham.com,https:hausofjewelry.com,https:ferebe.com,https:homefitplay.com,https:skind.nyc,https:cljtakeout.com,https:sweetserenitycreation.com,https:iletait1fois.ca,https:dixiestore.org,https:choosejust.com,https:unplugcraftsndecor.com,https:fantasmamotors.com,https:tufskinz.com,https:louisejames.com.au,https:topmille.com,https:davisdentalsupply.com,https:autodiag-france.com,https:toumeipro.com,https:schuttsports.com,https:luxlingeries.com,https:buzzprops.com,https:nomnom.cymru,https:artsysister.com,https:smellzgood.com,https:yangoods.com,https:mycityplants.com,https:pastries4pets.com,https:olivethatboutique.com,https:shopyego.com,https:govitaburwood.com.au,https:kluvinc.com,https:skullsociety.com,https:garagedoornation.com
38,https:holiholic.com,https:petspalms.com,https:eastcoastangler.ca,https:reliancetrading.com.au,https:shopfleuri.com,https:coquett.cl,https:bsourcing.com,https:medability.com,https:winstonandfriends.ca,https:zojabeauty.com,https:ivyfreehairmall.com,https:folders.co.nz,https:lebuste.com.au,https:lanystore.world,https:allthingspristine.com,https:welleasy.co.uk,https:mafiabags.com,https:whimsodoodle.com,https:anio.eu,https:topcutcomics.com,https:gorvana.com,https:tradiesworkwearshop.com.au,https:forthegirl.com,https:freshchileco.com,https:rubyrufus.com,https:spiritman.com.au,https:butterflyayurveda.com,https:lilysbathsandbiscuits.com,https:hfnf.la,https:ferriscoffee.com,https:teestore.pro,https:parsrestaurant.us,https:musterpoint.ca,https:kitukali.com,https:beautsandbeausboutique.com,https:cyclebooty.com,https:piyama.com,https:labienhecha.com,https:jplc.com,https:multi-sports.co.uk,https:patriotsprayers.com,https:the-graphitees.com,https:grupoeshop.com,https:cleanservicesa.eu,https:icyuenvyboutique.com,https:timberwolfbay.com,https:angrijeep.com,https:daviseditions.com,https:pentra-brands.com,https:psytonenails.com,https:zasofficial.pk,https:primocomfort.com,https:meibi.mx,https:thesmartsource.shop,https:romee.in,https:countryboysproduce.com,https:quelafamille.com,https:jetbrada.com,https:3dmakerparts.com,https:lostinsamsara.co.uk
39,https:kuvrdcamera.com,https:beauty-lounge.ro,https:mainstagemusic.com,https:therollingtable.com,https:shopstorejoy.com,https:isoldabrasil.com,https:getumbo.com,https:taisho.dk,https:fairygirlcosmetics.com,https:a2zee.us,https:thedoughjar.com,https:frankssausages.co.nz,https:blufftongeneralstore.com,https:blinkae.com,https:larnahouse.com,https:boholake.co.uk,https:happymamagifts.com,https:kangacare.com,https:yatine.net,https:badmofodog.com,https:sagebrown.co.uk,https:petradeals.com,https:argazclothes.com,https:ega.sg,https:designtuktuk.com,https:swiftbiker.com,https:dentiteeth.com,https:shopurbanthreads.com,https:luxurasciences.com,https:ferriseeds.com,https:conservatoriosuperiormalaga.com,https:heartbeathotsauce.com,https:decormouldings.co.uk,https:craftsisters.dk,https:fishnure.com,https:pompisstores.com,https:flaxfieldlinen.com.au,https:vestaurus.com,https:bakespaceshop.com,https:miamiteenyweenybikini.com,https:earring.com,https:sankofaedition.com,https:rockymountainbeesupply.com,https:dekaasconnaisseur.be,https:chrisharis.com,https:everjump.fit,https:mn-cosmetics.com,https:buynoir.net,https:dbkshop.com,https:godfather.com.sg,https:jewelcastle.co,https:jncbakery.com,https:studspiercing.com,https:transcendencedesign.com,https:parlemoi.co,https:bolivianita.de,https:e3resources.org,https:fluturas.net,https:entityofsweden.se,https:golfjunkys.com
40,https:lifespaceprobiotics.com,https:elementsantigua.com,https:socksforliving.com.au,https:lichfieldleather.com,https:gharghar.in,https:nowmewomen.com,https:4finesseskincare.com,https:doogusa.com,https:braniffboutique.com,https:fajascolombianassale.com,https:fitness-cardio-shop.com,https:getrockwell.ca,https:myjadesa.com,https:palermorestaurante.com,https:footstretch.com,https:libraryinaweek.com,https:atlastone.com,https:nerdarena.in,https:malletandco.com,https:oliprik.dk,https:charlesjoguet.com,https:girlnglam.com,https:sherazadeboutique.com,https:wonderland-shop.com,https:twopearlsshop.com,https:bornova-watches.com,https:wearbu.com,https:tisch-nach-mass.com,https:kateywalker.com,https:ferriswheelpress.com,https:byronbricks.com,https:belzyhair.shop,https:goodchoiceshoes.com,https:progressiverc.com,https:basscastersusa.com,https:outsidersstore.co.nz,https:rashaskloset.com,https:repechage.ca,https:hotsellsbuy.com,https:homeheartandsoul.com,https:clickutilidades.com.br,https:storus.com,https:sportquest.com.sg,https:gamehero.eu,https:resinartsupply.com,https:secret-fetish.com,https:heavnnn-cosmetics.com,https:rainboweducational.com.au,https:matchperfumes.co.uk,https:custommyieda.com,https:houseoflinens.com,https:solarmtp.com,https:spruceshaveclub.com,https:heetsiqos-uae.ae,https:comfortpetco.com,https:celticstitchery.com,https:sodateru-dougu.jp,https:suncreatoutdoor.com,https:kodocollection.com,https:plankhardware.com
41,https:melgeek.com,https:theabingdonco.com,https:genicsinc.shop,https:cbdirelandstore.ie,https:wellmoons.com,https:dressystar.com,https:repetitioncoffee.com,https:jenniferzeuner.com,https:businessplanlibrary.com,https:summertimevibe.com,https:dotsanddoodles.in,https:gojorecycledstore.co.nz,https:elysiumhealth.com,https:clihome.net,https:designdockcompany.com,https:torpedocomics.com,https:nudestix.com,https:bambooshoodies.com,https:jaime-vraiment-chat.com,https:kervology.com,https:thezappybox.com,https:iamsofancy.com,https:luxuriant168.co.uk,https:selfesteemclothing.com,https:hushhushtan.com,https:coffeecupmugs.com,https:designfeu.com,https:www.popgourmetpopcorn.com,https:shinzoskateandstreet.com,https:ferventoys.com,https:sosotrendy.com,https:nutreat.com,https:exofit.co,https:farmdaddy.com,https:volumetrends.com,https:besiva.com,https:alicefine.com,https:pinkiskitchen.com,https:brateska.com,https:pupsandbubs.com,https:cliffsidelondon.com,https:hawoohome.com,https:pixieglassworks.com,https:kweek.gent,https:steampunkiow.co.uk,https:beetique.com,https:bierful.com,https:gulabidorijaipur.com,https:friedrice-nyc.com,https:totallyrefreshedshop.com,https:deerdana.com,https:frumble.co.uk,https:ekgbuilds.com,https:haileystickers.com,https:macrotech.net.au,https:dayscircle.com,https:canvasslab.com,https:recoverypro.com.au,https:bodysocks.co.uk,https:trifling.in
42,https:mueblesyaccesorios.com.co,https:winecoolerplanet.com,https:roseandhart.com.au,https:chivane-store.com,https:neuralpha.io,https:kandonkyserbeats.com,https:tausend-schoen.de,https:maikadaughters.com,https:winterandmae.com,https:theglobalshoppings.com,https:millandwoods.com,https:linearedge.com,https:vsmani.com,https:smackapparel.com,https:photoloon.com,https:zenpuppy.com,https:paperandpallet.com,https:avacuumstore.com,https:iloveboutique.com.au,https:seedballs.in,https:123chien.com,https:beautylixir.com,https:hexogenfishing.com,https:thelifeaquatic.com.au,https:wonderforceco.com,https:ilon.vn,https:greatfood.co.nz,https:meyerscompany.net,https:grandcollectionco.com,https:ferverskincare.com,https:mauripioppo.com,https:theecig.co.uk,https:yoyoka-change.com,https:gorillavapes.co.uk,https:nacion-calavera.com,https:gadabout.com,https:planetbambini.com,https:dsdmfg.com,https:everroot.com,https:lovecorn.com,https:homerev.com,https:edealsnshop.com,https:wobbleverse.com,https:mamabaasshopt.com,https:iancharms.com,https:techcompras.com.br,https:goosehomeandgarden.com,https:micklemacks.com,https:careste.com,https:northerntilers.com.au,https:fitzroynursery.com.au,https:tomeck.de,https:motherearthnaturalhealth.ca,https:perfectlynaturalsoap.com,https:popculturespot.com,https:plasticpixelart.com,https:adampikefitness.com,https:phoeracosmetics.com,https:noteddesignco.com,https:za-zenshop.com
43,https:prototypist.net,https:motherdonia.com,https:intinapa.com,https:kingscrown1774.com,https:ageadvantageskincare.com,https:squashpublishing.com,https:tendenciaspa.com,https:a1aquariumworld.com.au,https:gpistore.ie,https:philandry.men,https:detailsanddecor.com,https:emphecy.com,https:fayettechill.com,https:catprestige.com,https:kaiblends.com,https:virtus-sports.com,https:lacasadolce.ca,https:cbdespania.com,https:kytofitness.com,https:blndnpro.com,https:3cdiscs.com,https:rattanyard.com,https:misewell.com,https:usemantos.com,https:thechandelierroseboutique.com,https:tudomixstore.com,https:aletheia.pt,https:luxdoguk.com,https:kassirco.com,https:festaradontech.com,https:christinestapylton.com,https:melblok.com,https:eggo.si,https:mylenefarmer.store,https:pencraftsa.com.au,https:cstoredistributors.com,https:golfsandies.com,https:bablouie.com,https:swisswatchimport.com,https:matchingoutfits.com,https:atelierfoer.com,https:astrogear.co.uk,https:tahoeoilandspice.com,https:manucurist.com,https:hijab-ista.com,https:limodo.com,https:gafasknockaround.com,https:genshinacc.com,https:comfyheels.co.za,https:palmbeachvintage.com,https:villk.com,https:zigguratproducts.com,https:zeoveda.com,https:dyedpoppy.com,https:couponinsertsgalore.com,https:blackcatssvg.com,https:iyasson.com,https:shopfirstharvest.com,https:eventtrix.com,https:bimeksshop.com
44,https:skyzonefpv.com,https:iktch.com,https:elalane.com,https:oldndazed.com,https:dubnutrition.com,https:asuna.fi,https:talkingtables.co.uk,https:noteism.com,https:unanimousps.com,https:easymotion.ie,https:instyleceramics.com.au,https:hardypackaging.co.nz,https:sanabars.com,https:mymassagetable.com,https:ghoulishgirls.com,https:myfishingplace.com.au,https:gutsfishingapparel.com.au,https:8stmakers.com,https:stylegenie.ph,https:divarouj.com,https:brooksnbean.com,https:12eyewear.com,https:koyuhijab.com,https:lastframe.jp,https:jeendapower.com,https:alllocalloot.com,https:vitapremium.com,https:blshafnia.dk,https:jeremykoreskigallery.com,https:festiveflarez.com,https:elidaviolins.co.uk,https:vegan-mattress.co.uk,https:arlingtonkickboxingacademy.com,https:compassgolfco.com,https:aestheticbeautysupplies.co.uk,https:ottoman3.com.au,https:syatp.org,https:spinningshop.ro,https:petroleumpartsinc.com,https:paris-sete.com,https:gagnab.com,https:agoroto.com,https:sonicandco.com,https:naivecare.ro,https:moon-diamond.com,https:nikoniko.nl,https:bigbrothersandsisters.co.za,https:myslushypro.com,https:project7.com,https:myautozone.in,https:ameico.com,https:8thereal.com,https:carpenterwatches.com,https:thedigitalstudio.co,https:globalgurusgroup.com,https:bandinox.com,https:cascadespeedskates.com,https:gumiponi.com,https:clarksstores.ae,https:foundherbal.com
45,https:smallrig.kr,https:beeseekers.com,https:shop-void.com,https:rebelstylekustoms.com,https:salty-design.com,https:teleiarouxa.gr,https:shopmilked.com,https:jerkygent.com,https:deliskatesupply.com,https:ifashion.shop,https:propersport.uk,https:marinacentral.com.sg,https:fiber-punk.com,https:voxapod.com,https:rcawholesale.com,https:mysurplusinventory.com,https:hallomystic.com,https:war-lok.com,https:thenomadskitchens.com,https:narooma.co,https:thelastconspiracy.com,https:wazhmaayoubi.com,https:life-smooth.com,https:elephano.com,https:overcoats.co.za,https:giftsandtemptations.co.uk,https:craftdjeweler.co,https:cuthwells.co.uk,https:curlylady.com,https:feuilleshop.com,https:enviroguard.ca,https:theweekendgentleman.com,https:shopngrabph.com,https:www.auneamigos.com,https:serenauziyel.com,https:shinachoi.com,https:lovelythings.ie,https:parnell.hk,https:wanderingcrystals.com,https:mtartspottery.com,https:kodama-sg.com,https:1ambeauty.com,https:recovapy.com,https:redfoxshop.be,https:thevintagecompactshop.com,https:ushopkart.com,https:bikekings.co.za,https:hatachik.com,https:cedarhillcountrymarket.com,https:twistedsista.com,https:mymarshmallows.com,https:beckland.de,https:freedomnaturallybeautiful.com,https:theflowerfactoryusa.com,https:plush4paws.com,https:yoybi.com,https:magicalnest.com,https:beastbrushes.com,https:cleguslav.com,https:lumbinigraphics.com
46,https:tachinedas-kreativshop.com,https:heattransfervinyl4u.com,https:nodpod.com,https:irvines.ca,https:primedcheck.com,https:naviskin.com,https:coolphabets.com,https:der-spielzeugschotte.shop,https:threadsoftime.com,https:bergsmaspaint.com,https:gbheron.com,https:mcschic.com,https:plaisirenboite.be,https:surymar.cl,https:la-z-pet.com,https:grabease.com,https:streamgear.net,https:cuteplushies.net,https:inglesina.us,https:moretti-menswear.com,https:mavella.com.au,https:tousimparfaits.com,https:mbenicio.com.br,https:crossbody.dk,https:opusstudio.co.za,https:shopgogobloom.com,https:ilubarose.com,https:curvyfabulosity.com,https:anewall.com,https:fezibo.com,https:onthebench.life,https:zesttwellness.com,https:thinkitinkit.com,https:broskis.net,https:danirah.com,https:kindflora.com,https:valish.nl,https:bohovibe.co,https:theamourboutique.com,https:digitalpharaoh.co.uk,https:hairsecret.com.my,https:excaliburwheel.com,https:nzretro.com,https:subtile-shop.be,https:puretechlo.com,https:curls.biz,https:austincocktails.com,https:lineuprewards.gt,https:catholicresources.education,https:luxurybrama.com,https:cartersharer.com,https:farmersarmour.com,https:daemwatches.com,https:starie.store,https:shirtlatitude.com,https:prospecimports.com,https:lifestream.systems,https:caramelmonster.com,https:noelledancewear.com,https:chaicollective.com.au
47,https:thenutricosmeticcompany.com,https:charlottesearpiercing.com,https:awellplace.com,https:yonieggs.co,https:butterflykissesbyfeleciadesllc.com,https:madelineweinrib.com,https:evolutionclothing.co.nz,https:jerseycrate.com,https:rushcoutureapparel.com,https:shopweargood.com,https:neutrale.co,https:holistichair.co.nz,https:fsgprints.com,https:lolaslashes.co.uk,https:wdn.dk,https:luxorhomedecorandlighting.com,https:eatelle.com,https:annecate.com,https:kidsluv.com,https:avivahealth.com,https:mickeylynn.com,https:qodespace.com,https:nourishedessentials.com,https:posture-spine.com,https:theforeverpencil.com,https:thelittlelaneshop.com,https:fluffysale.com,https:limonni.co,https:kaywest.co,https:fgear.in,https:luvlavie.com,https:glowaway.co,https:alisia.it,https:northshorecandlecompany.com,https:marigoldpopcorn.com,https:rheyaswim.com,https:gregjensenoriginals.com,https:madisonbraids.com,https:primadonsanddonnas.com,https:chefboirdoge.com,https:uvotop.com,https:protinie.se,https:pinkunicorndesigns.com,https:cronwikbeauty.se,https:incatrailterpenes.com,https:blueoxboutique.com,https:blades-and-outdoor.co.za,https:spyingbear.com,https:kulen.hr,https:romancethelabel.com,https:juvenileshop.com,https:pinclub.shop,https:ecoworkshop.ch,https:thatsamazingdeals.com,https:metatronfabrics.com,https:neel.co.jp,https:4menshops.com,https:estasbeauty.com,https:warmwishesgifts.ca,https:grammasknittedgifts.com
48,https:v-stationstore.com,https:sproutbrite.com,https:stonethecrowsretail.co.uk,https:shinethelighton.com,https:palettebox.sg,https:buttonmania.com.au,https:littlelabelco.com,https:allthingsloved.com,https:kaumudi.in,https:ascend-life.sg,https:tweezer.com.mx,https:danasbakery.com,https:gobizarre.com,https:mykidland.com,https:himivo.com,https:thebabydek.com,https:purebredperformance.shop,https:dontdieinthewoods.com,https:garageworkshop.co.nz,https:thebedroomstore.com,https:frontiercoffeecompany.com,https:myfrkl.com,https:sourdoughstarter.com.au,https:vishalam.com,https:buyeers.com,https:jentschura.mx,https:superbgizmo.com,https:frecklebaby.com,https:awokenup.com,https:fhiheat.com,https:crushfootwear.com,https:paulcrmonk.com,https:cbdgiant.co.uk,https:thehandmadeshowroom.com,https:woodfurniture.com,https:topbuy.com.br,https:originalweekend.com,https:easy-lightbulbs.com,https:bougiebarsandbubbles.com,https:backner.dk,https:vapedisposableusa.com,https:cbdbeaute.com,https:cleanlogic.com,https:nomanwalksalone.com,https:isawitfirst.us,https:zayacc.com,https:slopethreads.com,https:wavylook.com,https:selkastore.eu,https:shoplovestreet.com,https:fivestarsrs.net,https:sustomi.com.au,https:drink-lgnd.com,https:wildstags.co.uk,https:salujashoes.com,https:bigtentoutdoors.com,https:mia-fitness.com,https:tuccilimited.com,https:thecrushgirl.com,https:corewear.com
49,https:visualizevalue.com,https:onlinepetsupplier.com,https:podecosdesign.com,https:sugarpink.co,https:pitstopnutrition.co.uk,https:mccarleyfitness.com,https:lieblingswesen.de,https:k-uv.shop,https:natcellular.com,https:sigmafoodservicego.com,https:aldeals.co.uk,https:hollys-paws.com,https:getpairr.com,https:tpwengineering.com,https:mysmallworld.co.uk,https:kararossny.com,https:handybox.com.au,https:joannascuties.com,https:datazonedirect.com,https:jumplou.com,https:raindrops901.com,https:lin-eae.com,https:brightnite.com.au,https:sunna.ca,https:saucyhq.com.au,https:laurenbrookecosmetiques.com,https:invitedtoo.com,https:diamonddirectbuy.com,https:booty-lift.de,https:fiberondecking.com,https:theselflovecompany.com,https:jonskywalker.com,https:lightenir.com,https:curved-radiators.com,https:beautynovas.de,https:bagavinty.com,https:bigtruck.com,https:dogagile.com,https:thesipsociety.ca,https:adroshoes.us,https:family-stylish.com,https:vicebuys.com,https:1easyshop.com,https:pepperholm.com,https:epitexhome.com,https:joneseawetsuits.com,https:surewater.co,https:odampublishing.com,https:itsthready.com,https:fefifobum.com.au,https:pullupcards.com,https:botanikinc.com,https:dohbii.com,https:giftbulgaria.com,https:roidmi.ph,https:deluxe-gadgets.com,https:sunnyeli.com,https:broadwayrecords.com,https:oneandonlybaby.gr,https:wornfree.com
